description,units,source key,2001,2002,2003,2004,2005,2006,2007,2008,2009,2010,2011,2012,2013,2014,2015,2016,2017,2018,2019,2020,2021,2022,2023,2024,2025
Net generation for all sectors,thousand megawatthours,,,,,,,,,,,,,,,,,,,,,,,,,,
United States,,ELEC.GEN..A,,,,,,,,,,,,,,,,,,,,,,,,,
United States : all fuels (utility-scale),thousand megawatthours,ELEC.GEN.ALL-US-99.A,3736644,3858452,3883185,3970555,4055423,4064702,4156745,4119388,3950331,4125060,4100141,4047765,4065964,4093564,4078714,4077574,4035443,4180988,4130574,4009767,4109699,4230668,4183270,4308634,4429502
United States : coal,thousand megawatthours,ELEC.GEN.COW-US-99.A,1903956,1933130,1973737,1978301,2012873,1990511,2016456,1985801,1755904,1847290,1733430,1514043,1581115,1581710,1352398,1239149,1205835,1149487,964957,773393,897999,831512,675115,652156,737151
United States : petroleum liquids,thousand megawatthours,ELEC.GEN.PEL-US-99.A,114647,78701,102734,100391,99840,44460,49505,31917,25972,23337,16086,13403,13820,18276,17372,13008,12414,16245,11522,9662,11663,15805,11397,11456,14370
United States : petroleum coke,thousand megawatthours,ELEC.GEN.PC-US-99.A,10233,15867,16672,20754,22385,19706,16234,14325,12964,13724,14096,9787,13344,11955,10877,11197,8976,8981,6819,7679,7511,7126,4836,3629,4889
United States : natural gas,thousand megawatthours,ELEC.GEN.NG-US-99.A,639129,691006,649908,710100,760960,816441,896590,882981,920979,987697,1013689,1225894,1124836,1126635,1334668,1379271,1297703,1471843,1588533,1626790,1579190,1687065,1806063,1869902,1807338
United States : other gases,thousand megawatthours,ELEC.GEN.OOG-US-99.A,9039,11463,15600,15252,13464,14177,13453,11707,10632,11313,11566,11898,12853,12022,13117,12807,12469,13463,12591,11818,11397,11722,11778,10845,10697
United States : nuclear,thousand megawatthours,ELEC.GEN.NUC-US-99.A,768826,780064,763733,788528,781986,787219,806425,806208,798855,806968,790204,769331,789016,797166,797178,805694,804950,807084,809409,789879,779645,771537,774873,781865,784781
United States : conventional hydroelectric,thousand megawatthours,ELEC.GEN.HYC-US-99.A,216961,264329,275806,268417,270321,289246,247510,254831,273445,260203,319355,276240,268565,259367,249080,267812,300333,292524,287874,285274,251585,254789,245002,242896,247023
United States : other renewables,thousand megawatthours,ELEC.GEN.AOR-US-99.A,70769,79109,79487,83067,87329,96525,105238,126101,144279,167173,193981,218333,253508,279213,295161,341633,386250,414292,440799,497738,563682,646025,650239,733567,821918
United States : wind,thousand megawatthours,ELEC.GEN.WND-US-99.A,6737,10354,11187,14144,17811,26589,34450,55363,73886,94652,120177,140822,167840,181655,190719,226993,254303,272667,295882,337938,378197,434297,421141,451904,464391
United States : all utility-scale solar,thousand megawatthours,ELEC.GEN.SUN-US-99.A,543,555,534,575,550,508,612,864,891,1212,1818,4327,9036,17691,24893,36054,53287,63825,71937,89199,115258,143792,165530,219834,295671
United States : utility-scale photovoltaic,thousand megawatthours,ELEC.GEN.SPV-US-99.A,--,--,2,6,16,15,16,76,157,423,1012,3451,8121,15250,21666,32670,50018,60234,68719,86066,112335,140793,162683,216715,292817
United States : utility-scale thermal,thousand megawatthours,ELEC.GEN.STH-US-99.A,--,--,532,569,535,493,596,788,735,789,806,876,915,2441,3227,3384,3269,3592,3218,3133,2924,2999,2847,3118,2855
United States : geothermal,thousand megawatthours,ELEC.GEN.GEO-US-99.A,13741,14491,14424,14811,14692,14568,14637,14840,15009,15219,15316,15562,15775,15877,15918,15826,15927,15967,15473,15890,15975,16087,16367,15407,15669
United States : biomass,thousand megawatthours,ELEC.GEN.BIO-US-99.A,49748,53709,53341,53537,54277,54861,55539,55034,54493,56089,56671,57622,60858,63989,63632,62760,62733,61832,57507,54712,54252,51849,47199,46422,46187
United States : wood and wood-derived fuels,thousand megawatthours,ELEC.GEN.WWW-US-99.A,35200,38665,37529,38117,38856,38762,39014,37300,36050,37172,37449,37799,40028,42340,41929,40947,41124,40936,38543,36219,36463,35466,31615,31564,31809
United States : other biomass,thousand megawatthours,ELEC.GEN.WAS-US-99.A,14548,15044,15812,15421,15420,16099,16525,17734,18443,18917,19222,19823,20830,21650,21703,21813,21610,20896,18964,18493,17790,16383,15585,14858,14378
United States : hydro-electric pumped storage,thousand megawatthours,ELEC.GEN.HPS-US-99.A,-8823,-8743,-8535,-8488,-6558,-6558,-6896,-6288,-4627,-5501,-6421,-4950,-4681,-6174,-5091,-6686,-6495,-5905,-5261,-5321,-5112,-6028,-5990,-5852,-5320
United States : other,thousand megawatthours,ELEC.GEN.OTH-US-99.A,11906,13527,14045,14232,12821,12974,12231,11804,11928,12855,14154,13787,13588,13393,13955,13689,13008,12973,13331,12855,12140,11114,9957,8170,6654
United States : all solar,thousand megawatthours,ELEC.GEN.TSN-US-99.A,--,--,--,--,--,--,--,--,--,--,--,--,--,28924,39032,54866,77277,93365,106894,130721,164422,205074,238937,303752,388820
United States : small-scale solar photovoltaic,thousand megawatthours,ELEC.GEN.DPV-US-99.A,--,--,--,--,--,--,--,--,--,--,--,--,--,11233,14139,18812,23990,29539,34957,41522,49164,61282,73406,83918,93148
United States : all utility-scale solar,thousand megawatthours,ELEC.GEN.SUN-US-99.A,543,555,534,575,550,508,612,864,891,1212,1818,4327,9036,17691,24893,36054,53287,63825,71937,89199,115258,143792,165530,219834,295671
United States : utility-scale photovoltaic,thousand megawatthours,ELEC.GEN.SPV-US-99.A,--,--,2,6,16,15,16,76,157,423,1012,3451,8121,15250,21666,32670,50018,60234,68719,86066,112335,140793,162683,216715,292817
United States : utility-scale thermal,thousand megawatthours,ELEC.GEN.STH-US-99.A,--,--,532,569,535,493,596,788,735,789,806,876,915,2441,3227,3384,3269,3592,3218,3133,2924,2999,2847,3118,2855
New England,,ELEC.GEN..A,,,,,,,,,,,,,,,,,,,,,,,,,
New England : all fuels (utility-scale),thousand megawatthours,ELEC.GEN.ALL-NEW-99.A,116591,124340,130148,133518,136149,132211,132526,127094,121666,129728,123338,120887,115436,110896,110235,107725,105234,105548,99997,96809,103089,105612,102611,--,--
New England : coal,thousand megawatthours,ELEC.GEN.COW-NEW-99.A,19022,19056,19397,19217,20423,19627,20066,18818,14439,14080,6848,4103,6166,5010,3882,2544,1689,1061,467,165,579,348,203,--,--
New England : petroleum liquids,thousand megawatthours,ELEC.GEN.PEL-NEW-99.A,16369,11084,13567,12612,13228,4681,5608,3322,1832,1065,639,413,1096,2205,2055,693,747,1246,193,154,244,1855,390,--,--
New England : petroleum coke,thousand megawatthours,ELEC.GEN.PC-NEW-99.A,--,--,--,--,--,--,--,--,--,--,--,--,--,--,--,--,--,--,--,--,--,0,0,--,--
New England : natural gas,thousand megawatthours,ELEC.GEN.NG-NEW-99.A,33293,44775,46547,49099,50408,52878,54142,51237,51030,58623,63236,62490,52153,47880,53961,53631,51121,51613,49272,51531,55956,55914,57482,--,--
New England : other gases,thousand megawatthours,ELEC.GEN.OOG-NEW-99.A,1,9,0,0,2,2,2,0,0,14,--,--,--,--,--,--,--,--,--,--,--,--,--,--,--
New England : nuclear,thousand megawatthours,ELEC.GEN.NUC-NEW-99.A,33436,33944,34776,36513,34565,36923,36974,35547,36231,38361,34283,36116,37183,36839,31890,32751,31537,31385,29818,25580,27073,27386,23204,--,--
New England : conventional hydroelectric,thousand megawatthours,ELEC.GEN.HYC-NEW-99.A,5512,6238,7304,7400,8628,9388,6815,9300,9093,8026,8732,7360,7671,7520,6903,6161,7455,7577,7706,6689,6258,6602,8601,--,--
New England : other renewables,thousand megawatthours,ELEC.GEN.AOR-NEW-99.A,7559,7466,6928,6975,7444,7355,7919,7806,7698,8020,8015,8557,9487,9957,10208,10574,11308,11398,11095,11206,11583,12151,11419,--,--
New England : wind,thousand megawatthours,ELEC.GEN.WND-NEW-99.A,12,10,11,11,11,11,110,156,379,614,870,1294,1880,2055,2269,2646,3444,3556,3734,3769,3780,4046,3450,--,--
New England : all utility-scale solar,thousand megawatthours,ELEC.GEN.SUN-NEW-99.A,--,--,--,--,--,--,--,0,0,1,7,35,126,351,531,707,947,1232,1511,2027,2471,3346,3577,--,--
New England : utility-scale photovoltaic,thousand megawatthours,ELEC.GEN.SPV-NEW-99.A,--,--,--,--,--,--,--,0,0,1,7,35,124,350,531,707,947,1232,1511,2027,2471,3346,3577,--,--
New England : utility-scale thermal,thousand megawatthours,ELEC.GEN.STH-NEW-99.A,--,--,--,--,--,--,--,--,--,--,--,--,2,2,--,--,--,--,--,--,--,--,--,--,--
New England : geothermal,thousand megawatthours,ELEC.GEN.GEO-NEW-99.A,--,--,--,--,--,--,--,--,--,--,--,--,--,--,--,--,--,--,--,--,--,--,--,--,--
New England : biomass,thousand megawatthours,ELEC.GEN.BIO-NEW-99.A,7547,7455,6917,6963,7432,7344,7809,7650,7319,7405,7138,7229,7480,7550,7407,7220,6917,6610,5850,5411,5332,4759,4392,--,--
New England : wood and wood-derived fuels,thousand megawatthours,ELEC.GEN.WWW-NEW-99.A,4889,4886,4439,4428,5102,4848,5392,5218,4860,4989,4903,4968,5341,5266,5231,4996,4776,4539,3928,3500,3443,2962,2644,--,--
New England : other biomass,thousand megawatthours,ELEC.GEN.WAS-NEW-99.A,2658,2570,2478,2536,2331,2497,2417,2432,2459,2417,2236,2261,2140,2284,2177,2224,2141,2071,1922,1910,1889,1797,1748,--,--
New England : hydro-electric pumped storage,thousand megawatthours,ELEC.GEN.HPS-NEW-99.A,-711,-853,-511,-491,-463,-579,-846,-792,-528,-328,-435,-305,-369,-451,-478,-495,-441,-460,-434,-401,-424,-398,-375,--,--
New England : other,thousand megawatthours,ELEC.GEN.OTH-NEW-99.A,2110,2621,2141,2194,1915,1937,1847,1856,1871,1867,2019,2153,2049,1937,1814,1866,1818,1729,1881,1885,1820,1754,1686,--,--
New England : all solar,thousand megawatthours,ELEC.GEN.TSN-NEW-99.A,--,--,--,--,--,--,--,--,--,--,--,--,--,1175,1702,2467,3164,4204,4767,5803,6769,9138,10294,--,--
New England : small-scale solar photovoltaic,thousand megawatthours,ELEC.GEN.DPV-NEW-99.A,--,--,--,--,--,--,--,--,--,--,--,--,--,823,1171,1760,2217,2972,3255,3776,4298,5791,6717,--,--
New England : all utility-scale solar,thousand megawatthours,ELEC.GEN.SUN-NEW-99.A,--,--,--,--,--,--,--,0,0,1,7,35,126,351,531,707,947,1232,1511,2027,2471,3346,3577,--,--
New England : utility-scale photovoltaic,thousand megawatthours,ELEC.GEN.SPV-NEW-99.A,--,--,--,--,--,--,--,0,0,1,7,35,124,350,531,707,947,1232,1511,2027,2471,3346,3577,--,--
New England : utility-scale thermal,thousand megawatthours,ELEC.GEN.STH-NEW-99.A,--,--,--,--,--,--,--,--,--,--,--,--,2,2,--,--,--,--,--,--,--,--,--,--,--
Connecticut,,ELEC.GEN..A,,,,,,,,,,,,,,,,,,,,,,,,,
Connecticut : all fuels (utility-scale),thousand megawatthours,ELEC.GEN.ALL-CT-99.A,30491,31311,29545,32633,33550,34682,33171,30409,31206,33350,33745,36118,35611,33677,37471,36497,34563,39454,40050,41191,44080,43054,40666,44761,43551
Connecticut : coal,thousand megawatthours,ELEC.GEN.COW-CT-99.A,3736,3227,4200,4255,3996,4282,3739,4387,2453,2604,526,653,681,825,600,177,198,330,53,-19,245,0,0,0,0
Connecticut : petroleum liquids,thousand megawatthours,ELEC.GEN.PEL-CT-99.A,5173,2338,2063,1740,3156,1279,1311,514,299,409,166,112,306,513,437,92,178,339,12,33,46,314,124,20,244
Connecticut : petroleum coke,thousand megawatthours,ELEC.GEN.PC-CT-99.A,--,--,--,--,--,--,--,--,--,--,--,--,--,--,--,--,--,--,--,--,--,0,0,0,0
Connecticut : natural gas,thousand megawatthours,ELEC.GEN.NG-CT-99.A,4088,8868,5062,8108,8864,10484,9930,8070,9809,11716,15188,16537,15780,14684,17362,17952,15961,20006,21343,23537,24489,24531,24952,26036,24460
Connecticut : other gases,thousand megawatthours,ELEC.GEN.OOG-CT-99.A,1,9,0,0,2,2,2,0,0,14,--,--,--,--,--,--,--,--,--,--,--,--,--,--,--
Connecticut : nuclear,thousand megawatthours,ELEC.GEN.NUC-CT-99.A,15428,14918,16078,16539,15562,16589,16386,15433,16657,16750,15928,17078,17080,15841,17411,16575,16500,16881,16733,15715,17217,16464,13669,16870,16709
Connecticut : conventional hydroelectric,thousand megawatthours,ELEC.GEN.HYC-CT-99.A,286,335,564,463,478,544,363,556,510,391,567,312,402,434,302,224,332,555,428,326,478,312,465,369,342
Connecticut : other renewables,thousand megawatthours,ELEC.GEN.AOR-CT-99.A,909,821,786,758,753,763,730,734,759,740,660,667,652,769,805,893,845,873,900,1008,1035,940,1022,1038,1361
Connecticut : wind,thousand megawatthours,ELEC.GEN.WND-CT-99.A,--,--,--,--,--,--,--,--,--,--,--,--,--,--,--,13,13,12,12,12,13,13,10,10,12
Connecticut : all utility-scale solar,thousand megawatthours,ELEC.GEN.SUN-CT-99.A,--,--,--,--,--,--,--,--,--,--,--,--,0,12,17,25,40,106,138,214,265,413,421,476,758
Connecticut : utility-scale photovoltaic,thousand megawatthours,ELEC.GEN.SPV-CT-99.A,--,--,--,--,--,--,--,--,--,--,--,--,0,12,17,25,40,106,138,214,265,413,421,476,758
Connecticut : utility-scale thermal,thousand megawatthours,ELEC.GEN.STH-CT-99.A,--,--,--,--,--,--,--,--,--,--,--,--,--,--,--,--,--,--,--,--,--,--,--,--,--
Connecticut : geothermal,thousand megawatthours,ELEC.GEN.GEO-CT-99.A,--,--,--,--,--,--,--,--,--,--,--,--,--,--,--,--,--,--,--,--,--,--,--,--,--
Connecticut : biomass,thousand megawatthours,ELEC.GEN.BIO-CT-99.A,909,821,786,758,753,763,730,734,759,740,660,667,652,757,787,856,792,756,749,782,757,514,591,551,591
Connecticut : wood and wood-derived fuels,thousand megawatthours,ELEC.GEN.WWW-CT-99.A,--,--,0,5,7,9,2,2,1,0,1,1,4,107,190,237,208,261,268,292,283,105,233,198,228
Connecticut : other biomass,thousand megawatthours,ELEC.GEN.WAS-CT-99.A,909,821,786,752,746,755,728,732,758,739,659,666,648,650,598,619,584,495,481,490,474,409,358,353,363
Connecticut : hydro-electric pumped storage,thousand megawatthours,ELEC.GEN.HPS-CT-99.A,0,-10,0,8,-2,0,-15,7,5,9,6,3,-1,7,-4,6,2,3,2,1,0,1,5,5,-2
Connecticut : other,thousand megawatthours,ELEC.GEN.OTH-CT-99.A,869,804,792,763,740,739,726,710,713,717,705,756,711,605,556,577,547,465,578,591,571,492,429,424,437
Connecticut : all solar,thousand megawatthours,ELEC.GEN.TSN-CT-99.A,--,--,--,--,--,--,--,--,--,--,--,--,--,138,216,344,447,605,738,949,1129,1470,1659,1935,2505
Connecticut : small-scale solar photovoltaic,thousand megawatthours,ELEC.GEN.DPV-CT-99.A,--,--,--,--,--,--,--,--,--,--,--,--,--,126,199,320,407,500,600,735,863,1057,1238,1458,1747
Connecticut : all utility-scale solar,thousand megawatthours,ELEC.GEN.SUN-CT-99.A,--,--,--,--,--,--,--,--,--,--,--,--,0,12,17,25,40,106,138,214,265,413,421,476,758
Connecticut : utility-scale photovoltaic,thousand megawatthours,ELEC.GEN.SPV-CT-99.A,--,--,--,--,--,--,--,--,--,--,--,--,0,12,17,25,40,106,138,214,265,413,421,476,758
Connecticut : utility-scale thermal,thousand megawatthours,ELEC.GEN.STH-CT-99.A,--,--,--,--,--,--,--,--,--,--,--,--,--,--,--,--,--,--,--,--,--,--,--,--,--
Maine,,ELEC.GEN..A,,,,,,,,,,,,,,,,,,,,,,,,,
Maine : all fuels (utility-scale),thousand megawatthours,ELEC.GEN.ALL-ME-99.A,19565,22535,18972,19099,18844,16816,16129,17095,16350,17019,15974,15048,14030,13249,11741,11514,11264,11281,10491,10002,10908,12764,12512,14655,14833
Maine : coal,thousand megawatthours,ELEC.GEN.COW-ME-99.A,528,604,377,359,320,321,376,352,72,87,55,45,63,79,92,70,68,71,71,55,50,42,43,29,32
Maine : petroleum liquids,thousand megawatthours,ELEC.GEN.PEL-ME-99.A,2102,1229,1920,1312,1621,595,818,533,433,272,178,108,239,305,548,110,132,189,35,37,32,274,67,60,167
Maine : petroleum coke,thousand megawatthours,ELEC.GEN.PC-ME-99.A,--,--,--,--,--,--,--,--,--,--,--,--,--,--,--,--,--,--,--,--,--,--,--,--,--
Maine : natural gas,thousand megawatthours,ELEC.GEN.NG-ME-99.A,10053,13504,9439,9832,8398,7298,6675,7380,7355,8374,6877,6044,4873,4344,2952,3498,2237,2331,1797,1904,3348,4140,3975,6399,5565
Maine : other gases,thousand megawatthours,ELEC.GEN.OOG-ME-99.A,0,0,0,0,0,0,--,--,--,--,--,--,--,--,--,--,--,--,--,--,--,--,--,--,--
Maine : nuclear,thousand megawatthours,ELEC.GEN.NUC-ME-99.A,--,--,--,--,--,--,--,--,--,--,--,--,--,--,--,--,--,--,--,--,--,--,--,--,--
Maine : conventional hydroelectric,thousand megawatthours,ELEC.GEN.HYC-ME-99.A,2645,2768,3173,3430,4091,4278,3738,4457,4212,3810,3979,3733,3560,3623,3361,3000,3389,3261,3499,3158,2541,3063,3832,2852,2639
Maine : other renewables,thousand megawatthours,ELEC.GEN.AOR-ME-99.A,3826,4044,3586,3598,4068,3968,4207,4058,3938,4152,4495,4665,4893,4492,4449,4455,5042,5058,4749,4517,4671,4963,4320,5035,6162
Maine : wind,thousand megawatthours,ELEC.GEN.WND-ME-99.A,--,--,--,--,--,--,99,132,299,499,707,887,1048,1097,1296,1667,2333,2384,2494,2395,2544,2716,2339,2446,2874
Maine : all utility-scale solar,thousand megawatthours,ELEC.GEN.SUN-ME-99.A,--,--,--,--,--,--,--,--,--,--,--,--,--,--,--,--,5,12,7,28,158,432,523,945,1547
Maine : utility-scale photovoltaic,thousand megawatthours,ELEC.GEN.SPV-ME-99.A,--,--,--,--,--,--,--,--,--,--,--,--,--,--,--,--,5,12,7,28,158,432,523,945,1547
Maine : utility-scale thermal,thousand megawatthours,ELEC.GEN.STH-ME-99.A,--,--,--,--,--,--,--,--,--,--,--,--,--,--,--,--,--,--,--,--,--,--,--,--,--
Maine : geothermal,thousand megawatthours,ELEC.GEN.GEO-ME-99.A,--,--,--,--,--,--,--,--,--,--,--,--,--,--,--,--,--,--,--,--,--,--,--,--,--
Maine : biomass,thousand megawatthours,ELEC.GEN.BIO-ME-99.A,3826,4044,3586,3598,4068,3968,4108,3926,3640,3653,3788,3778,3846,3394,3153,2788,2704,2662,2248,2094,1969,1815,1458,1644,1740
Maine : wood and wood-derived fuels,thousand megawatthours,ELEC.GEN.WWW-ME-99.A,3530,3724,3288,3187,3778,3685,3848,3669,3367,3390,3511,3502,3625,3189,2970,2603,2529,2509,2127,1980,1866,1733,1388,1571,1671
Maine : other biomass,thousand megawatthours,ELEC.GEN.WAS-ME-99.A,296,320,298,411,290,283,260,258,273,264,277,276,220,205,183,185,175,152,121,114,103,82,70,72,70
Maine : hydro-electric pumped storage,thousand megawatthours,ELEC.GEN.HPS-ME-99.A,--,--,--,--,--,--,--,--,--,--,--,--,--,--,--,--,--,--,--,--,--,--,--,--,--
Maine : other,thousand megawatthours,ELEC.GEN.OTH-ME-99.A,411,386,478,567,345,356,315,315,339,323,390,454,401,405,340,381,396,371,339,330,267,280,276,280,268
Maine : all solar,thousand megawatthours,ELEC.GEN.TSN-ME-99.A,--,--,--,--,--,--,--,--,--,--,--,--,--,13,19,29,46,68,84,117,293,768,1152,1960,2892
Maine : small-scale solar photovoltaic,thousand megawatthours,ELEC.GEN.DPV-ME-99.A,--,--,--,--,--,--,--,--,--,--,--,--,--,13,19,29,41,55,77,89,136,336,629,1015,1344
Maine : all utility-scale solar,thousand megawatthours,ELEC.GEN.SUN-ME-99.A,--,--,--,--,--,--,--,--,--,--,--,--,--,--,--,--,5,12,7,28,158,432,523,945,1547
Maine : utility-scale photovoltaic,thousand megawatthours,ELEC.GEN.SPV-ME-99.A,--,--,--,--,--,--,--,--,--,--,--,--,--,--,--,--,5,12,7,28,158,432,523,945,1547
Maine : utility-scale thermal,thousand megawatthours,ELEC.GEN.STH-ME-99.A,--,--,--,--,--,--,--,--,--,--,--,--,--,--,--,--,--,--,--,--,--,--,--,--,--
Massachusetts,,ELEC.GEN..A,,,,,,,,,,,,,,,,,,,,,,,,,
Massachusetts : all fuels (utility-scale),thousand megawatthours,ELEC.GEN.ALL-MA-99.A,38478,42028,48385,47500,47515,45598,47076,42505,38967,42805,38055,35578,32885,31119,32086,31955,32204,27173,21516,18214,19477,21026,19696,20915,23050
Massachusetts : coal,thousand megawatthours,ELEC.GEN.COW-MA-99.A,11051,11503,10896,10526,12034,11138,12024,10629,9028,8306,4059,2137,3959,2795,2253,1875,1136,0,0,0,0,0,0,0,0
Massachusetts : petroleum liquids,thousand megawatthours,ELEC.GEN.PEL-MA-99.A,8512,6800,7459,7533,7026,2328,3052,2108,897,296,197,150,390,1005,777,422,266,461,104,36,81,756,97,177,402
Massachusetts : petroleum coke,thousand megawatthours,ELEC.GEN.PC-MA-99.A,--,--,--,--,--,--,--,--,--,--,--,--,--,--,--,--,--,--,--,--,--,--,--,--,--
Massachusetts : natural gas,thousand megawatthours,ELEC.GEN.NG-MA-99.A,11697,15869,22424,20972,20369,23307,24925,21514,20988,25582,25940,24672,21257,18498,21007,21144,22153,18386,15407,14177,15010,15776,14774,16203,17807
Massachusetts : other gases,thousand megawatthours,ELEC.GEN.OOG-MA-99.A,0,--,--,--,--,--,--,--,--,--,--,--,--,--,--,--,--,--,--,--,--,--,--,--,--
Massachusetts : nuclear,thousand megawatthours,ELEC.GEN.NUC-MA-99.A,5144,5769,4978,5939,5475,5830,5120,5869,5396,5918,5085,5860,4331,5769,4995,5414,5047,4442,2177,--,--,--,--,--,--
Massachusetts : conventional hydroelectric,thousand megawatthours,ELEC.GEN.HYC-MA-99.A,703,875,1075,998,1042,1513,797,1156,1201,996,1149,912,992,902,827,713,1037,1134,976,844,1118,877,1165,881,827
Massachusetts : other renewables,thousand megawatthours,ELEC.GEN.AOR-MA-99.A,1313,1272,1253,1230,1258,1279,1240,1255,1229,1274,1207,1277,1448,1730,1833,2030,2181,2369,2379,2649,2769,3087,3111,3221,3614
Massachusetts : wind,thousand megawatthours,ELEC.GEN.WND-MA-99.A,--,0,--,--,--,--,--,4,6,22,61,90,205,225,215,216,233,221,211,238,209,216,182,169,210
Massachusetts : all utility-scale solar,thousand megawatthours,ELEC.GEN.SUN-MA-99.A,--,--,--,--,--,--,--,0,0,1,5,30,106,306,451,609,788,978,1164,1404,1587,1934,2015,2127,2529
Massachusetts : utility-scale photovoltaic,thousand megawatthours,ELEC.GEN.SPV-MA-99.A,--,--,--,--,--,--,--,0,0,1,5,30,105,305,451,609,788,978,1164,1404,1587,1934,2015,2127,2529
Massachusetts : utility-scale thermal,thousand megawatthours,ELEC.GEN.STH-MA-99.A,--,--,--,--,--,--,--,--,--,--,--,--,2,2,--,--,--,--,--,--,--,--,--,--,--
Massachusetts : geothermal,thousand megawatthours,ELEC.GEN.GEO-MA-99.A,--,--,--,--,--,--,--,--,--,--,--,--,--,--,--,--,--,--,--,--,--,--,--,--,--
Massachusetts : biomass,thousand megawatthours,ELEC.GEN.BIO-MA-99.A,1313,1272,1253,1230,1258,1279,1240,1252,1223,1251,1140,1158,1137,1199,1167,1204,1160,1169,1004,1006,973,937,914,925,875
Massachusetts : wood and wood-derived fuels,thousand megawatthours,ELEC.GEN.WWW-MA-99.A,130,107,120,114,120,125,119,123,115,125,101,101,77,125,120,129,131,107,92,104,70,45,36,60,76
Massachusetts : other biomass,thousand megawatthours,ELEC.GEN.WAS-MA-99.A,1183,1165,1134,1116,1138,1154,1121,1129,1108,1125,1039,1056,1061,1073,1047,1075,1030,1062,912,902,903,892,878,865,799
Massachusetts : hydro-electric pumped storage,thousand megawatthours,ELEC.GEN.HPS-MA-99.A,-711,-843,-511,-498,-462,-579,-831,-798,-534,-337,-440,-308,-368,-458,-474,-500,-443,-464,-436,-403,-424,-400,-379,-483,-439
Massachusetts : other,thousand megawatthours,ELEC.GEN.OTH-MA-99.A,771,783,810,801,772,782,748,773,761,771,860,877,876,878,868,858,827,846,910,911,924,930,928,917,838
Massachusetts : all solar,thousand megawatthours,ELEC.GEN.TSN-MA-99.A,--,--,--,--,--,--,--,--,--,--,--,--,--,931,1314,1863,2304,3062,3280,3726,4120,5353,5724,6185,6702
Massachusetts : small-scale solar photovoltaic,thousand megawatthours,ELEC.GEN.DPV-MA-99.A,--,--,--,--,--,--,--,--,--,--,--,--,--,625,862,1254,1516,2083,2116,2322,2533,3419,3709,4058,4173
Massachusetts : all utility-scale solar,thousand megawatthours,ELEC.GEN.SUN-MA-99.A,--,--,--,--,--,--,--,0,0,1,5,30,106,306,451,609,788,978,1164,1404,1587,1934,2015,2127,2529
Massachusetts : utility-scale photovoltaic,thousand megawatthours,ELEC.GEN.SPV-MA-99.A,--,--,--,--,--,--,--,0,0,1,5,30,105,305,451,609,788,978,1164,1404,1587,1934,2015,2127,2529
Massachusetts : utility-scale thermal,thousand megawatthours,ELEC.GEN.STH-MA-99.A,--,--,--,--,--,--,--,--,--,--,--,--,2,2,--,--,--,--,--,--,--,--,--,--,--
New Hampshire,,ELEC.GEN..A,,,,,,,,,,,,,,,,,,,,,,,,,
New Hampshire : all fuels (utility-scale),thousand megawatthours,ELEC.GEN.ALL-NH-99.A,15075,15953,21597,23876,24470,22064,23277,22877,20164,22196,20066,19222,19779,19538,20016,19282,17447,17087,18027,16351,17193,18764,16825,16942,19335
New Hampshire : coal,thousand megawatthours,ELEC.GEN.COW-NH-99.A,3706,3722,3923,4076,4073,3885,3927,3451,2886,3083,2208,1268,1464,1311,937,422,287,660,343,128,284,305,160,224,239
New Hampshire : petroleum liquids,thousand megawatthours,ELEC.GEN.PEL-NH-99.A,482,650,2045,1960,1357,439,385,136,183,72,78,22,105,287,176,39,105,178,30,42,70,445,68,47,182
New Hampshire : petroleum coke,thousand megawatthours,ELEC.GEN.PC-NH-99.A,--,--,--,--,--,--,--,--,--,--,--,--,--,--,--,--,--,--,--,--,--,--,--,--,--
New Hampshire : natural gas,thousand megawatthours,ELEC.GEN.NG-NH-99.A,119,220,4165,5400,6785,6007,5754,7073,5342,5365,6658,7050,4100,4388,6052,4744,3580,2992,3583,3638,4466,4502,4226,4421,5319
New Hampshire : other gases,thousand megawatthours,ELEC.GEN.OOG-NH-99.A,--,--,--,--,0,--,--,--,--,--,--,--,--,--,--,--,--,--,--,--,--,--,--,--,--
New Hampshire : nuclear,thousand megawatthours,ELEC.GEN.NUC-NH-99.A,8693,9295,9276,10178,9456,9398,10764,9350,8817,10910,8363,8189,10927,10168,9484,10761,9991,10062,10907,9865,9856,10922,9535,9677,10910
New Hampshire : conventional hydroelectric,thousand megawatthours,ELEC.GEN.HYC-NH-99.A,991,1141,1331,1316,1799,1529,1265,1633,1680,1478,1605,1247,1427,1381,1270,1145,1413,1355,1462,1228,1025,1201,1592,1411,1353
New Hampshire : other renewables,thousand megawatthours,ELEC.GEN.AOR-NH-99.A,1026,865,796,883,942,746,1123,1175,1198,1232,1091,1381,1695,1952,2048,2122,2022,1793,1647,1393,1437,1339,1194,1113,1280
New Hampshire : wind,thousand megawatthours,ELEC.GEN.WND-NH-99.A,--,--,--,--,--,--,--,10,62,76,66,209,389,412,423,432,412,407,433,525,504,482,411,445,476
New Hampshire : all utility-scale solar,thousand megawatthours,ELEC.GEN.SUN-NH-99.A,--,--,--,--,--,--,--,--,--,--,--,--,--,--,--,--,--,--,--,4,4,4,3,4,4
New Hampshire : utility-scale photovoltaic,thousand megawatthours,ELEC.GEN.SPV-NH-99.A,--,--,--,--,--,--,--,--,--,--,--,--,--,--,--,--,--,--,--,4,4,4,3,4,4
New Hampshire : utility-scale thermal,thousand megawatthours,ELEC.GEN.STH-NH-99.A,--,--,--,--,--,--,--,--,--,--,--,--,--,--,--,--,--,--,--,--,--,--,--,--,--
New Hampshire : geothermal,thousand megawatthours,ELEC.GEN.GEO-NH-99.A,--,--,--,--,--,--,--,--,--,--,--,--,--,--,--,--,--,--,--,--,--,--,--,--,--
New Hampshire : biomass,thousand megawatthours,ELEC.GEN.BIO-NH-99.A,1026,865,796,883,942,746,1123,1165,1135,1157,1025,1173,1306,1541,1624,1689,1610,1386,1214,865,929,853,779,664,800
New Hampshire : wood and wood-derived fuels,thousand megawatthours,ELEC.GEN.WWW-NH-99.A,859,700,637,728,786,590,970,1010,984,1030,917,1035,1169,1415,1506,1564,1472,1248,1081,732,789,711,642,528,655
New Hampshire : other biomass,thousand megawatthours,ELEC.GEN.WAS-NH-99.A,167,165,159,155,156,156,153,155,151,127,108,137,137,125,119,125,138,138,133,133,140,141,138,136,145
New Hampshire : hydro-electric pumped storage,thousand megawatthours,ELEC.GEN.HPS-NH-99.A,--,--,--,--,--,--,--,--,--,--,--,--,--,--,--,--,--,--,--,--,--,--,--,--,--
New Hampshire : other,thousand megawatthours,ELEC.GEN.OTH-NH-99.A,59,60,60,63,58,59,59,58,58,57,64,66,61,50,50,49,49,48,55,56,55,50,51,50,52
New Hampshire : all solar,thousand megawatthours,ELEC.GEN.TSN-NH-99.A,--,--,--,--,--,--,--,--,--,--,--,--,--,14,24,52,87,108,130,161,197,244,302,365,412
New Hampshire : small-scale solar photovoltaic,thousand megawatthours,ELEC.GEN.DPV-NH-99.A,--,--,--,--,--,--,--,--,--,--,--,--,--,14,24,52,87,108,130,157,193,240,299,361,408
New Hampshire : all utility-scale solar,thousand megawatthours,ELEC.GEN.SUN-NH-99.A,--,--,--,--,--,--,--,--,--,--,--,--,--,--,--,--,--,--,--,4,4,4,3,4,4
New Hampshire : utility-scale photovoltaic,thousand megawatthours,ELEC.GEN.SPV-NH-99.A,--,--,--,--,--,--,--,--,--,--,--,--,--,--,--,--,--,--,--,4,4,4,3,4,4
New Hampshire : utility-scale thermal,thousand megawatthours,ELEC.GEN.STH-NH-99.A,--,--,--,--,--,--,--,--,--,--,--,--,--,--,--,--,--,--,--,--,--,--,--,--,--
Rhode Island,,ELEC.GEN..A,,,,,,,,,,,,,,,,,,,,,,,,,
Rhode Island : all fuels (utility-scale),thousand megawatthours,ELEC.GEN.ALL-RI-99.A,7502,7057,5621,4939,6053,5968,7050,7387,7697,7739,8722,8309,6247,6282,6939,6565,7615,8375,7624,8895,9323,7819,10431,9777,9585
Rhode Island : coal,thousand megawatthours,ELEC.GEN.COW-RI-99.A,--,--,--,--,--,--,--,--,--,--,--,--,--,0,0,0,0,0,0,0,0,0,0,0,0
Rhode Island : petroleum liquids,thousand megawatthours,ELEC.GEN.PEL-RI-99.A,70,58,58,49,57,33,34,26,17,12,14,18,51,88,114,26,58,76,11,4,13,60,31,8,67
Rhode Island : petroleum coke,thousand megawatthours,ELEC.GEN.PC-RI-99.A,--,--,--,--,--,--,--,--,--,--,--,--,--,--,--,--,--,--,--,--,--,--,--,--,--
Rhode Island : natural gas,thousand megawatthours,ELEC.GEN.NG-RI-99.A,7325,6310,5455,4784,5989,5780,6857,7198,7530,7583,8571,8185,6139,5963,6586,6291,7188,7897,7141,8272,8641,6964,9554,8791,8387
Rhode Island : other gases,thousand megawatthours,ELEC.GEN.OOG-RI-99.A,--,--,--,--,--,--,--,--,--,--,--,--,--,--,--,--,--,--,--,--,--,--,--,--,--
Rhode Island : nuclear,thousand megawatthours,ELEC.GEN.NUC-RI-99.A,--,--,--,--,--,--,--,--,--,--,--,--,--,--,--,--,--,--,--,--,--,--,--,--,--
Rhode Island : conventional hydroelectric,thousand megawatthours,ELEC.GEN.HYC-RI-99.A,3,4,6,5,7,6,4,5,5,4,7,4,4,4,3,2,2,4,4,4,4,7,8,3,NM
Rhode Island : other renewables,thousand megawatthours,ELEC.GEN.AOR-RI-99.A,104,98,102,102,0,149,155,158,145,140,130,102,53,226,236,246,366,399,469,615,664,789,839,975,1129
Rhode Island : wind,thousand megawatthours,ELEC.GEN.WND-RI-99.A,--,--,--,--,--,--,--,--,--,3,3,1,3,10,10,27,149,159,206,215,172,209,169,178,185
Rhode Island : all utility-scale solar,thousand megawatthours,ELEC.GEN.SUN-RI-99.A,--,--,--,--,--,--,--,--,--,--,--,--,2,10,14,15,14,29,55,195,284,362,423,600,759
Rhode Island : utility-scale photovoltaic,thousand megawatthours,ELEC.GEN.SPV-RI-99.A,--,--,--,--,--,--,--,--,--,--,--,--,2,10,14,15,14,29,55,195,284,362,423,600,759
Rhode Island : utility-scale thermal,thousand megawatthours,ELEC.GEN.STH-RI-99.A,--,--,--,--,--,--,--,--,--,--,--,--,--,--,--,--,--,--,--,--,--,--,--,--,--
Rhode Island : geothermal,thousand megawatthours,ELEC.GEN.GEO-RI-99.A,--,--,--,--,--,--,--,--,--,--,--,--,--,--,--,--,--,--,--,--,--,--,--,--,--
Rhode Island : biomass,thousand megawatthours,ELEC.GEN.BIO-RI-99.A,104,98,102,102,0,149,155,158,145,137,127,101,48,207,211,205,203,211,208,205,208,218,247,197,185
Rhode Island : wood and wood-derived fuels,thousand megawatthours,ELEC.GEN.WWW-RI-99.A,--,--,--,--,--,--,--,--,--,--,--,--,--,--,--,--,--,--,--,--,--,--,--,--,--
Rhode Island : other biomass,thousand megawatthours,ELEC.GEN.WAS-RI-99.A,104,98,102,102,0,149,155,158,145,137,127,101,48,207,211,205,203,211,208,205,208,218,247,197,185
Rhode Island : hydro-electric pumped storage,thousand megawatthours,ELEC.GEN.HPS-RI-99.A,--,--,--,--,--,--,--,--,--,--,--,--,--,--,--,--,--,--,--,--,--,--,--,--,--
Rhode Island : other,thousand megawatthours,ELEC.GEN.OTH-RI-99.A,--,587,--,--,--,--,--,--,--,--,--,--,--,--,--,--,--,--,--,--,--,-1,0,0,0
Rhode Island : all solar,thousand megawatthours,ELEC.GEN.TSN-RI-99.A,--,--,--,--,--,--,--,--,--,--,--,--,--,21,28,44,69,124,235,494,671,888,1027,882,1069
Rhode Island : small-scale solar photovoltaic,thousand megawatthours,ELEC.GEN.DPV-RI-99.A,--,--,--,--,--,--,--,--,--,--,--,--,--,11,13,30,55,95,180,299,387,527,603,282,310
Rhode Island : all utility-scale solar,thousand megawatthours,ELEC.GEN.SUN-RI-99.A,--,--,--,--,--,--,--,--,--,--,--,--,2,10,14,15,14,29,55,195,284,362,423,600,759
Rhode Island : utility-scale photovoltaic,thousand megawatthours,ELEC.GEN.SPV-RI-99.A,--,--,--,--,--,--,--,--,--,--,--,--,2,10,14,15,14,29,55,195,284,362,423,600,759
Rhode Island : utility-scale thermal,thousand megawatthours,ELEC.GEN.STH-RI-99.A,--,--,--,--,--,--,--,--,--,--,--,--,--,--,--,--,--,--,--,--,--,--,--,--,--
Vermont,,ELEC.GEN..A,,,,,,,,,,,,,,,,,,,,,,,,,
Vermont : all fuels (utility-scale),thousand megawatthours,ELEC.GEN.ALL-VT-99.A,5481,5456,6028,5470,5717,7084,5824,6820,7282,6620,6776,6612,6885,7031,1982,1911,2141,2179,2290,2156,2108,2184,2480,2259,2258
Vermont : coal,thousand megawatthours,ELEC.GEN.COW-VT-99.A,--,--,--,--,--,--,--,--,--,--,--,--,--,--,--,--,--,--,--,--,--,--,--,--,--
Vermont : petroleum liquids,thousand megawatthours,ELEC.GEN.PEL-VT-99.A,32,9,23,18,10,7,8,4,2,5,8,3,5,5,3,4,7,3,1,2,3,5,3,3,NM
Vermont : petroleum coke,thousand megawatthours,ELEC.GEN.PC-VT-99.A,--,--,--,--,--,--,--,--,--,--,--,--,--,--,--,--,--,--,--,--,--,--,--,--,--
Vermont : natural gas,thousand megawatthours,ELEC.GEN.NG-VT-99.A,11,3,2,3,2,2,2,3,4,4,3,3,3,2,1,2,2,2,2,2,2,1,1,1,1
Vermont : other gases,thousand megawatthours,ELEC.GEN.OOG-VT-99.A,--,--,--,--,--,--,--,--,--,--,--,--,--,--,--,--,--,--,--,--,--,--,--,--,--
Vermont : nuclear,thousand megawatthours,ELEC.GEN.NUC-VT-99.A,4171,3963,4444,3858,4072,5107,4704,4895,5361,4782,4907,4989,4846,5061,--,--,--,--,--,--,--,--,--,--,--
Vermont : conventional hydroelectric,thousand megawatthours,ELEC.GEN.HYC-VT-99.A,884,1115,1154,1187,1211,1519,647,1493,1486,1347,1425,1151,1286,1175,1139,1078,1280,1268,1337,1130,1093,1141,1539,1284,1206
Vermont : other renewables,thousand megawatthours,ELEC.GEN.AOR-VT-99.A,383,366,405,404,422,450,464,425,429,482,433,465,745,788,838,828,852,906,951,1026,1008,1034,934,970,1046
Vermont : wind,thousand megawatthours,ELEC.GEN.WND-VT-99.A,12,10,11,11,11,11,11,10,12,14,33,107,236,311,325,291,305,373,377,384,338,409,340,355,384
Vermont : all utility-scale solar,thousand megawatthours,ELEC.GEN.SUN-VT-99.A,--,--,--,--,--,--,--,--,--,--,2,5,17,24,48,59,99,107,147,183,173,202,192,217,236
Vermont : utility-scale photovoltaic,thousand megawatthours,ELEC.GEN.SPV-VT-99.A,--,--,--,--,--,--,--,--,--,--,2,5,17,24,48,59,99,107,147,183,173,202,192,217,236
Vermont : utility-scale thermal,thousand megawatthours,ELEC.GEN.STH-VT-99.A,--,--,--,--,--,--,--,--,--,--,--,--,--,--,--,--,--,--,--,--,--,--,--,--,--
Vermont : geothermal,thousand megawatthours,ELEC.GEN.GEO-VT-99.A,--,--,--,--,--,--,--,--,--,--,--,--,--,--,--,--,--,--,--,--,--,--,--,--,--
Vermont : biomass,thousand megawatthours,ELEC.GEN.BIO-VT-99.A,370,356,394,393,410,439,453,415,417,468,398,353,491,453,465,477,448,426,426,459,496,422,403,398,426
Vermont : wood and wood-derived fuels,thousand megawatthours,ELEC.GEN.WWW-VT-99.A,370,356,394,393,410,439,453,415,393,443,372,328,466,429,446,462,436,414,360,392,436,367,347,348,376
Vermont : other biomass,thousand megawatthours,ELEC.GEN.WAS-VT-99.A,--,--,--,--,--,--,--,0,24,25,25,26,26,23,19,16,12,12,66,67,60,55,57,49,50
Vermont : hydro-electric pumped storage,thousand megawatthours,ELEC.GEN.HPS-VT-99.A,--,--,--,--,--,--,--,--,--,--,--,--,--,--,--,--,--,--,--,--,--,--,--,--,--
Vermont : other,thousand megawatthours,ELEC.GEN.OTH-VT-99.A,--,--,--,--,--,--,--,--,--,--,--,--,--,--,--,0,0,0,-1,-3,2,3,3,1,0
Vermont : all solar,thousand megawatthours,ELEC.GEN.TSN-VT-99.A,--,--,--,--,--,--,--,--,--,--,--,--,--,57,102,135,210,237,300,357,360,414,430,462,481
Vermont : small-scale solar photovoltaic,thousand megawatthours,ELEC.GEN.DPV-VT-99.A,--,--,--,--,--,--,--,--,--,--,--,--,--,33,54,76,111,130,153,174,186,211,239,245,245
Vermont : all utility-scale solar,thousand megawatthours,ELEC.GEN.SUN-VT-99.A,--,--,--,--,--,--,--,--,--,--,2,5,17,24,48,59,99,107,147,183,173,202,192,217,236
Vermont : utility-scale photovoltaic,thousand megawatthours,ELEC.GEN.SPV-VT-99.A,--,--,--,--,--,--,--,--,--,--,2,5,17,24,48,59,99,107,147,183,173,202,192,217,236
Vermont : utility-scale thermal,thousand megawatthours,ELEC.GEN.STH-VT-99.A,--,--,--,--,--,--,--,--,--,--,--,--,--,--,--,--,--,--,--,--,--,--,--,--,--
Middle Atlantic,,ELEC.GEN..A,,,,,,,,,,,,,,,,,,,,,,,,,
Middle Atlantic : all fuels (utility-scale),thousand megawatthours,ELEC.GEN.ALL-MAT-99.A,399912,405484,401392,408506,425528,421777,434638,426348,414458,432396,429489,424451,427653,426164,427736,427030,417261,422940,431617,420680,427537,429507,424194,--,--
Middle Atlantic : coal,thousand megawatthours,ELEC.GEN.COW-MAT-99.A,144651,146751,149381,150351,153156,154388,154309,145766,123333,130370,114184,93597,95162,86097,68776,57757,49621,45970,39392,24519,30324,24428,12835,--,--
Middle Atlantic : petroleum liquids,thousand megawatthours,ELEC.GEN.PEL-MAT-99.A,21163,14435,24707,25954,28236,7844,9702,4643,3501,2292,1452,859,1417,3245,2767,997,934,2452,740,439,849,2307,504,--,--
Middle Atlantic : petroleum coke,thousand megawatthours,ELEC.GEN.PC-MAT-99.A,209,562,662,818,1657,722,430,366,341,519,344,76,212,192,229,155,175,127,99,43,0,0,0,--,--
Middle Atlantic : natural gas,thousand megawatthours,ELEC.GEN.NG-MAT-99.A,58442,64236,48450,53070,58047,71344,83584,83339,91620,107535,117798,140809,131369,138811,153353,168649,157483,166065,186102,204363,212550,223870,230740,--,--
Middle Atlantic : other gases,thousand megawatthours,ELEC.GEN.OOG-MAT-99.A,1177,659,764,623,605,665,695,768,612,658,755,740,873,652,641,695,666,741,713,773,643,652,739,--,--
Middle Atlantic : nuclear,thousand megawatthours,ELEC.GEN.NUC-MAT-99.A,144595,146572,144749,145181,150124,150089,151840,154062,155140,152469,152448,149059,156849,153260,158381,154380,159400,158378,154732,141690,135221,131297,131165,--,--
Middle Atlantic : conventional hydroelectric,thousand megawatthours,ELEC.GEN.HYC-MAT-99.A,24752,27270,27654,27183,28046,30224,27509,29298,30330,27822,31239,26905,27516,28745,28628,29272,33282,33927,34150,32238,31919,30089,31229,--,--
Middle Atlantic : other renewables,thousand megawatthours,ELEC.GEN.AOR-MAT-99.A,4541,4717,4740,4993,5193,5986,6165,7028,8779,9910,9950,10932,13089,14063,13734,14104,14580,14280,14231,15182,14768,15839,16047,--,--
Middle Atlantic : wind,thousand megawatthours,ELEC.GEN.WND-MAT-99.A,32,139,153,423,387,1032,1324,2001,3362,4463,4633,5132,6902,7556,7351,7437,7749,7588,7728,8290,7631,8161,8076,--,--
Middle Atlantic : all utility-scale solar,thousand megawatthours,ELEC.GEN.SUN-MAT-99.A,--,--,--,--,--,--,--,3,14,29,98,389,568,647,792,1049,1178,1350,1771,2284,2760,3541,4141,--,--
Middle Atlantic : utility-scale photovoltaic,thousand megawatthours,ELEC.GEN.SPV-MAT-99.A,--,--,--,--,--,--,--,3,14,29,98,389,568,647,792,1049,1178,1350,1771,2284,2760,3541,4141,--,--
Middle Atlantic : utility-scale thermal,thousand megawatthours,ELEC.GEN.STH-MAT-99.A,--,--,--,--,--,--,--,0,0,--,--,--,--,--,--,--,--,--,--,--,--,--,--,--,--
Middle Atlantic : geothermal,thousand megawatthours,ELEC.GEN.GEO-MAT-99.A,--,--,--,--,--,--,--,--,--,--,--,--,--,--,--,--,--,--,--,--,--,--,--,--,--
Middle Atlantic : biomass,thousand megawatthours,ELEC.GEN.BIO-MAT-99.A,4509,4578,4587,4570,4805,4954,4841,5024,5402,5418,5219,5411,5619,5859,5591,5618,5653,5342,4732,4608,4377,4137,3830,--,--
Middle Atlantic : wood and wood-derived fuels,thousand megawatthours,ELEC.GEN.WWW-MAT-99.A,1099,1179,1147,1177,1215,1205,1112,1213,1230,1222,1070,1021,1100,1288,1086,1147,1142,974,788,843,823,761,482,--,--
Middle Atlantic : other biomass,thousand megawatthours,ELEC.GEN.WAS-MAT-99.A,3410,3399,3440,3393,3590,3749,3729,3811,4172,4196,4149,4390,4520,4571,4505,4471,4511,4368,3944,3765,3554,3375,3347,--,--
Middle Atlantic : hydro-electric pumped storage,thousand megawatthours,ELEC.GEN.HPS-MAT-99.A,-1688,-1725,-1771,-1786,-1774,-1753,-1760,-1301,-1413,-1431,-1124,-1022,-1184,-1307,-1101,-1237,-1183,-1205,-975,-1032,-1193,-1328,-1442,--,--
Middle Atlantic : other,thousand megawatthours,ELEC.GEN.OTH-MAT-99.A,2071,2005,2057,2120,2239,2268,2165,2379,2215,2252,2441,2497,2349,2405,2327,2257,2303,2206,2433,2466,2457,2353,2377,--,--
Middle Atlantic : all solar,thousand megawatthours,ELEC.GEN.TSN-MAT-99.A,--,--,--,--,--,--,--,--,--,--,--,--,--,2622,3077,3594,4378,5176,6308,7668,8786,10994,12304,--,--
Middle Atlantic : small-scale solar photovoltaic,thousand megawatthours,ELEC.GEN.DPV-MAT-99.A,--,--,--,--,--,--,--,--,--,--,--,--,--,1975,2284,2545,3199,3825,4537,5384,6025,7453,8163,--,--
Middle Atlantic : all utility-scale solar,thousand megawatthours,ELEC.GEN.SUN-MAT-99.A,--,--,--,--,--,--,--,3,14,29,98,389,568,647,792,1049,1178,1350,1771,2284,2760,3541,4141,--,--
Middle Atlantic : utility-scale photovoltaic,thousand megawatthours,ELEC.GEN.SPV-MAT-99.A,--,--,--,--,--,--,--,3,14,29,98,389,568,647,792,1049,1178,1350,1771,2284,2760,3541,4141,--,--
Middle Atlantic : utility-scale thermal,thousand megawatthours,ELEC.GEN.STH-MAT-99.A,--,--,--,--,--,--,--,0,0,--,--,--,--,--,--,--,--,--,--,--,--,--,--,--,--
New Jersey,,ELEC.GEN..A,,,,,,,,,,,,,,,,,,,,,,,,,
New Jersey : all fuels (utility-scale),thousand megawatthours,ELEC.GEN.ALL-NJ-99.A,59421,61569,57399,55882,60550,60700,62671,63675,61811,65682,64694,65263,64751,68051,74609,77611,75645,75034,71019,61106,61434,65061,64229,60175,60886
New Jersey : coal,thousand megawatthours,ELEC.GEN.COW-NJ-99.A,9319,9605,9790,10322,11625,10862,10211,9028,5100,6418,4155,1897,2022,2519,1759,1315,1216,1193,1042,917,1026,498,0,0,0
New Jersey : petroleum liquids,thousand megawatthours,ELEC.GEN.PEL-NJ-99.A,1297,731,1542,1425,940,270,453,325,278,235,107,30,107,467,304,81,80,302,71,24,37,138,42,31,129
New Jersey : petroleum coke,thousand megawatthours,ELEC.GEN.PC-NJ-99.A,--,--,--,--,--,--,--,--,--,--,58,40,55,NM,71,65,76,60,71,43,0,0,0,0,0
New Jersey : natural gas,thousand megawatthours,ELEC.GEN.NG-NJ-99.A,16708,19069,14776,15962,15366,15668,18752,20752,20625,24902,25201,28285,27077,31410,36974,43807,37708,38863,40449,30631,29543,33394,33056,29649,29611
New Jersey : other gases,thousand megawatthours,ELEC.GEN.OOG-NJ-99.A,449,90,255,39,65,110,161,159,170,106,139,142,223,162,221,207,219,212,216,197,92,120,161,168,210
New Jersey : nuclear,thousand megawatthours,ELEC.GEN.NUC-NJ-99.A,30469,30866,29709,27082,31392,32568,32010,32195,34328,32771,33606,33110,33380,31507,33262,29885,34033,31982,26637,26738,28142,28319,28335,27677,27918
New Jersey : conventional hydroelectric,thousand megawatthours,ELEC.GEN.HYC-NJ-99.A,18,12,39,38,31,35,21,26,32,18,24,11,18,17,10,9,14,36,26,15,18,5,12,4,6
New Jersey : other renewables,thousand megawatthours,ELEC.GEN.AOR-NJ-99.A,844,847,907,806,875,917,844,905,960,850,956,1281,1447,1536,1595,1838,1877,1948,1984,2061,2105,2204,2233,2272,2625
New Jersey : wind,thousand megawatthours,ELEC.GEN.WND-NJ-99.A,--,--,--,--,--,16,20,21,21,13,11,12,11,23,22,21,22,23,22,20,20,22,18,19,20
New Jersey : all utility-scale solar,thousand megawatthours,ELEC.GEN.SUN-NJ-99.A,--,--,--,--,--,--,--,3,11,21,69,304,437,514,628,835,926,990,1165,1305,1378,1518,1544,1596,1993
New Jersey : utility-scale photovoltaic,thousand megawatthours,ELEC.GEN.SPV-NJ-99.A,--,--,--,--,--,--,--,3,11,21,69,304,437,514,628,835,926,990,1165,1305,1378,1518,1544,1596,1993
New Jersey : utility-scale thermal,thousand megawatthours,ELEC.GEN.STH-NJ-99.A,--,--,--,--,--,--,--,--,--,--,--,--,--,--,--,--,--,--,--,--,--,--,--,--,--
New Jersey : geothermal,thousand megawatthours,ELEC.GEN.GEO-NJ-99.A,--,--,--,--,--,--,--,--,--,--,--,--,--,--,--,--,--,--,--,--,--,--,--,--,--
New Jersey : biomass,thousand megawatthours,ELEC.GEN.BIO-NJ-99.A,844,847,907,806,875,901,823,882,928,816,876,965,999,998,946,983,929,935,797,736,708,663,671,657,611
New Jersey : wood and wood-derived fuels,thousand megawatthours,ELEC.GEN.WWW-NJ-99.A,--,--,--,--,--,--,--,--,--,--,--,--,--,--,--,--,--,--,--,--,--,--,--,--,--
New Jersey : other biomass,thousand megawatthours,ELEC.GEN.WAS-NJ-99.A,844,847,907,806,875,901,823,882,928,816,876,965,999,998,946,983,929,935,797,736,708,663,671,657,611
New Jersey : hydro-electric pumped storage,thousand megawatthours,ELEC.GEN.HPS-NJ-99.A,-142,-146,-120,-287,-283,-299,-269,-275,-202,-194,-197,-166,-202,-237,-170,-204,-162,-115,-94,-110,-120,-136,-165,-232,-235
New Jersey : other,thousand megawatthours,ELEC.GEN.OTH-NJ-99.A,459,495,502,496,538,569,489,559,520,575,644,633,625,640,582,607,583,552,616,590,590,519,554,607,622
New Jersey : all solar,thousand megawatthours,ELEC.GEN.TSN-NJ-99.A,--,--,--,--,--,--,--,--,--,--,--,--,--,1888,2062,2220,2586,2903,3357,3809,4043,4691,4710,4992,5813
New Jersey : small-scale solar photovoltaic,thousand megawatthours,ELEC.GEN.DPV-NJ-99.A,--,--,--,--,--,--,--,--,--,--,--,--,--,1373,1435,1385,1660,1912,2193,2504,2665,3172,3166,3395,3820
New Jersey : all utility-scale solar,thousand megawatthours,ELEC.GEN.SUN-NJ-99.A,--,--,--,--,--,--,--,3,11,21,69,304,437,514,628,835,926,990,1165,1305,1378,1518,1544,1596,1993
New Jersey : utility-scale photovoltaic,thousand megawatthours,ELEC.GEN.SPV-NJ-99.A,--,--,--,--,--,--,--,3,11,21,69,304,437,514,628,835,926,990,1165,1305,1378,1518,1544,1596,1993
New Jersey : utility-scale thermal,thousand megawatthours,ELEC.GEN.STH-NJ-99.A,--,--,--,--,--,--,--,--,--,--,--,--,--,--,--,--,--,--,--,--,--,--,--,--,--
New York,,ELEC.GEN..A,,,,,,,,,,,,,,,,,,,,,,,,,
New York : all fuels (utility-scale),thousand megawatthours,ELEC.GEN.ALL-NY-99.A,143915,139592,137643,137965,146887,142265,145879,140322,133151,136962,137480,135768,136117,137077,138582,134377,128025,132521,131603,129430,124772,125185,124040,129015,131820
New York : coal,thousand megawatthours,ELEC.GEN.COW-NY-99.A,23432,23239,23581,22853,20598,20968,21406,19154,12759,13583,9426,4551,4697,4592,2380,1770,770,690,422,144,0,0,0,0,0
New York : petroleum liquids,thousand megawatthours,ELEC.GEN.PEL-NY-99.A,16495,11436,19202,20987,22759,6324,7942,3588,2489,1490,926,580,1007,2136,1892,643,598,1591,512,350,688,1857,413,313,1282
New York : petroleum coke,thousand megawatthours,ELEC.GEN.PC-NY-99.A,17,98,90,218,1254,454,253,158,159,515,263,0,0,0,0,0,0,0,0,0,0,0,--,--,--
New York : natural gas,thousand megawatthours,ELEC.GEN.NG-NY-99.A,38697,38451,28156,27294,31873,42134,45634,43856,41780,48916,50805,59462,54354,54380,56923,56793,47272,50810,47612,52966,56343,60312,58428,62346,62216
New York : other gases,thousand megawatthours,ELEC.GEN.OOG-NY-99.A,115,--,--,--,--,--,--,--,--,--,--,--,--,0,0,0,0,0,2,0,0,0,0,0,0
New York : nuclear,thousand megawatthours,ELEC.GEN.NUC-NY-99.A,40395,39617,40679,40640,42443,42224,42453,43209,43485,41870,42695,40775,44756,43039,44603,41571,42167,42919,44865,38430,31177,26812,27525,27073,28408
New York : conventional hydroelectric,thousand megawatthours,ELEC.GEN.HYC-NY-99.A,23084,25048,24269,23990,25783,27345,25253,26723,27615,25472,27997,24652,24973,26087,26015,26888,30145,29630,30621,29550,28765,27432,28434,27945,25838
New York : other renewables,thousand megawatthours,ELEC.GEN.AOR-NY-99.A,1801,1808,1735,1912,1988,2597,2775,3319,4467,4815,4896,5192,5888,6447,6319,6323,6605,6438,6926,7322,7219,8233,8663,10752,13629
New York : wind,thousand megawatthours,ELEC.GEN.WND-NY-99.A,21,82,41,116,103,655,833,1251,2266,2596,2828,2992,3539,3968,3977,3940,4136,3998,4456,4522,4156,4568,4800,6031,6902
New York : all utility-scale solar,thousand megawatthours,ELEC.GEN.SUN-NY-99.A,--,--,--,--,--,--,--,--,--,--,6,53,67,71,101,140,183,297,524,840,1159,1785,2236,3127,5240
New York : utility-scale photovoltaic,thousand megawatthours,ELEC.GEN.SPV-NY-99.A,--,--,--,--,--,--,--,--,--,--,6,53,67,71,101,140,183,297,524,840,1159,1785,2236,3127,5240
New York : utility-scale thermal,thousand megawatthours,ELEC.GEN.STH-NY-99.A,--,--,--,--,--,--,--,--,--,--,--,--,--,--,--,--,--,--,--,--,--,--,--,--,--
New York : geothermal,thousand megawatthours,ELEC.GEN.GEO-NY-99.A,--,--,--,--,--,--,--,--,--,--,--,--,--,--,--,--,--,--,--,--,--,--,--,--,--
New York : biomass,thousand megawatthours,ELEC.GEN.BIO-NY-99.A,1781,1726,1694,1795,1885,1941,1942,2068,2201,2218,2061,2148,2282,2408,2241,2244,2286,2142,1946,1961,1903,1880,1627,1593,1487
New York : wood and wood-derived fuels,thousand megawatthours,ELEC.GEN.WWW-NY-99.A,503,412,412,497,528,522,492,555,536,547,442,488,608,739,616,639,620,526,472,464,453,423,217,149,156
New York : other biomass,thousand megawatthours,ELEC.GEN.WAS-NY-99.A,1278,1314,1283,1298,1358,1419,1449,1513,1665,1671,1619,1660,1674,1669,1625,1605,1666,1616,1474,1496,1450,1457,1410,1444,1331
New York : hydro-electric pumped storage,thousand megawatthours,ELEC.GEN.HPS-NY-99.A,-931,-921,-912,-813,-781,-756,-768,-672,-480,-529,-433,-413,-443,-491,-423,-471,-416,-431,-316,-328,-382,-451,-372,-410,-490
New York : other,thousand megawatthours,ELEC.GEN.OTH-NY-99.A,809,815,843,884,971,977,932,987,877,832,905,968,884,888,873,859,884,873,960,997,963,991,949,997,938
New York : all solar,thousand megawatthours,ELEC.GEN.TSN-NY-99.A,--,--,--,--,--,--,--,--,--,--,--,--,--,421,689,1013,1364,1794,2376,3130,3861,5256,6205,7650,10359
New York : small-scale solar photovoltaic,thousand megawatthours,ELEC.GEN.DPV-NY-99.A,--,--,--,--,--,--,--,--,--,--,--,--,--,350,589,873,1182,1497,1852,2290,2702,3471,3968,4522,5119
New York : all utility-scale solar,thousand megawatthours,ELEC.GEN.SUN-NY-99.A,--,--,--,--,--,--,--,--,--,--,6,53,67,71,101,140,183,297,524,840,1159,1785,2236,3127,5240
New York : utility-scale photovoltaic,thousand megawatthours,ELEC.GEN.SPV-NY-99.A,--,--,--,--,--,--,--,--,--,--,6,53,67,71,101,140,183,297,524,840,1159,1785,2236,3127,5240
New York : utility-scale thermal,thousand megawatthours,ELEC.GEN.STH-NY-99.A,--,--,--,--,--,--,--,--,--,--,--,--,--,--,--,--,--,--,--,--,--,--,--,--,--
Pennsylvania,,ELEC.GEN..A,,,,,,,,,,,,,,,,,,,,,,,,,
Pennsylvania : all fuels (utility-scale),thousand megawatthours,ELEC.GEN.ALL-PA-99.A,196577,204323,206350,214659,218091,218812,226088,222351,219496,229752,227315,223420,226786,221035,214545,215042,213591,215386,228995,230143,241331,239261,235925,241499,246699
Pennsylvania : coal,thousand megawatthours,ELEC.GEN.COW-PA-99.A,111900,113906,116010,117176,120933,122558,122693,117583,105475,110369,100603,87148,88443,78986,64637,54672,47634,44086,37929,23458,29297,23930,12835,13042,17586
Pennsylvania : petroleum liquids,thousand megawatthours,ELEC.GEN.PEL-PA-99.A,3371,2269,3964,3542,4537,1251,1307,730,734,567,419,248,302,641,571,273,256,559,157,65,124,313,49,87,223
Pennsylvania : petroleum coke,thousand megawatthours,ELEC.GEN.PC-PA-99.A,192,464,572,600,403,268,177,208,181,4,23,35,158,162,158,90,99,66,28,0,0,0,0,0,1
Pennsylvania : natural gas,thousand megawatthours,ELEC.GEN.NG-PA-99.A,3036,6716,5519,9814,10808,13542,19198,18731,29215,33718,41792,53062,49938,53021,59455,68049,72503,76391,98040,120767,126665,130164,139256,143913,143753
Pennsylvania : other gases,thousand megawatthours,ELEC.GEN.OOG-PA-99.A,613,569,508,584,540,554,534,610,443,552,616,598,650,491,420,488,446,528,494,576,551,533,578,542,630
Pennsylvania : nuclear,thousand megawatthours,ELEC.GEN.NUC-PA-99.A,73731,76089,74361,77459,76289,75298,77376,78658,77328,77828,76147,75174,78714,78715,80517,82924,83200,83477,83230,76521,75903,76166,75305,75404,75049
Pennsylvania : conventional hydroelectric,thousand megawatthours,ELEC.GEN.HYC-PA-99.A,1650,2211,3346,3155,2232,2844,2236,2549,2683,2332,3217,2242,2525,2641,2604,2375,3123,4262,3503,2672,3135,2653,2783,2721,2655
Pennsylvania : other renewables,thousand megawatthours,ELEC.GEN.AOR-PA-99.A,1896,2062,2098,2276,2329,2473,2546,2804,3352,4245,4099,4459,5754,6080,5821,5942,6098,5894,5322,5799,5444,5403,5151,5841,6908
Pennsylvania : wind,thousand megawatthours,ELEC.GEN.WND-PA-99.A,11,58,112,306,284,361,470,729,1075,1854,1794,2129,3352,3565,3353,3476,3591,3567,3250,3748,3455,3572,3258,3257,3577
Pennsylvania : all utility-scale solar,thousand megawatthours,ELEC.GEN.SUN-PA-99.A,--,--,--,--,--,--,--,0,4,8,23,32,63,62,64,75,70,62,83,139,224,237,361,1095,1882
Pennsylvania : utility-scale photovoltaic,thousand megawatthours,ELEC.GEN.SPV-PA-99.A,--,--,--,--,--,--,--,0,4,8,23,32,63,62,64,75,70,62,83,139,224,237,361,1095,1882
Pennsylvania : utility-scale thermal,thousand megawatthours,ELEC.GEN.STH-PA-99.A,--,--,--,--,--,--,--,0,0,--,--,--,--,--,--,--,--,--,--,--,--,--,--,--,--
Pennsylvania : geothermal,thousand megawatthours,ELEC.GEN.GEO-PA-99.A,--,--,--,--,--,--,--,--,--,--,--,--,--,--,--,--,--,--,--,--,--,--,--,--,--
Pennsylvania : biomass,thousand megawatthours,ELEC.GEN.BIO-PA-99.A,1885,2005,1986,1969,2045,2112,2076,2074,2274,2383,2281,2298,2339,2453,2404,2391,2438,2265,1988,1911,1766,1593,1532,1489,1449
Pennsylvania : wood and wood-derived fuels,thousand megawatthours,ELEC.GEN.WWW-PA-99.A,597,766,735,680,687,683,620,658,694,675,628,534,492,549,470,508,522,448,315,378,370,338,265,233,251
Pennsylvania : other biomass,thousand megawatthours,ELEC.GEN.WAS-PA-99.A,1288,1238,1251,1289,1358,1429,1457,1416,1579,1708,1653,1765,1847,1904,1934,1883,1916,1817,1673,1533,1396,1255,1266,1256,1199
Pennsylvania : hydro-electric pumped storage,thousand megawatthours,ELEC.GEN.HPS-PA-99.A,-615,-658,-739,-686,-711,-698,-723,-354,-731,-708,-494,-443,-539,-579,-509,-562,-605,-659,-566,-594,-692,-742,-905,-909,-944
Pennsylvania : other,thousand megawatthours,ELEC.GEN.OTH-PA-99.A,803,695,712,740,731,723,744,832,817,845,893,896,841,877,872,791,836,781,857,879,904,843,874,858,837
Pennsylvania : all solar,thousand megawatthours,ELEC.GEN.TSN-PA-99.A,--,--,--,--,--,--,--,--,--,--,--,--,--,314,325,361,427,479,575,729,882,1047,1389,2069,3361
Pennsylvania : small-scale solar photovoltaic,thousand megawatthours,ELEC.GEN.DPV-PA-99.A,--,--,--,--,--,--,--,--,--,--,--,--,--,252,261,287,357,416,492,590,658,809,1029,974,1479
Pennsylvania : all utility-scale solar,thousand megawatthours,ELEC.GEN.SUN-PA-99.A,--,--,--,--,--,--,--,0,4,8,23,32,63,62,64,75,70,62,83,139,224,237,361,1095,1882
Pennsylvania : utility-scale photovoltaic,thousand megawatthours,ELEC.GEN.SPV-PA-99.A,--,--,--,--,--,--,--,0,4,8,23,32,63,62,64,75,70,62,83,139,224,237,361,1095,1882
Pennsylvania : utility-scale thermal,thousand megawatthours,ELEC.GEN.STH-PA-99.A,--,--,--,--,--,--,--,0,0,--,--,--,--,--,--,--,--,--,--,--,--,--,--,--,--
East North Central,,ELEC.GEN..A,,,,,,,,,,,,,,,,,,,,,,,,,
East North Central : all fuels (utility-scale),thousand megawatthours,ELEC.GEN.ALL-ENC-99.A,614690,637052,632051,647006,664912,652547,668755,660867,607787,645996,629676,613916,622073,619924,600419,586023,580757,611174,588001,554079,581539,597825,584213,--,--
East North Central : coal,thousand megawatthours,ELEC.GEN.COW-ENC-99.A,429347,443805,450001,453984,463977,456591,462037,460936,416118,429540,398389,344771,372100,365059,313779,274536,276582,271477,219992,175741,207904,191341,144159,--,--
East North Central : petroleum liquids,thousand megawatthours,ELEC.GEN.PEL-ENC-99.A,3140,2103,2777,2085,1716,1022,1231,994,779,787,784,621,597,750,570,547,525,556,481,367,620,660,383,--,--
East North Central : petroleum coke,thousand megawatthours,ELEC.GEN.PC-ENC-99.A,472,652,746,2183,1887,1895,1930,2154,1914,2020,2946,2320,3269,3317,3175,2281,2153,2295,1591,1990,2157,2494,2235,--,--
East North Central : natural gas,thousand megawatthours,ELEC.GEN.NG-ENC-99.A,23270,32558,22598,24176,33576,27108,35158,25226,26879,37073,47583,81616,57998,59277,89790,112155,102838,137811,161026,168964,156500,185235,221688,--,--
East North Central : other gases,thousand megawatthours,ELEC.GEN.OOG-ENC-99.A,3642,3456,3011,4283,3591,3791,3297,2935,2148,2858,3075,4059,4675,4549,4706,4812,4609,4911,4717,4197,4510,4477,4684,--,--
East North Central : nuclear,thousand megawatthours,ELEC.GEN.NUC-ENC-99.A,146040,145261,143377,150447,150858,152301,155920,156305,145214,154900,155162,155808,153849,154835,154001,157128,156909,157024,158686,158569,158786,151787,151445,--,--
East North Central : conventional hydroelectric,thousand megawatthours,ELEC.GEN.HYC-ENC-99.A,4844,5213,4302,4847,4285,4494,3800,3942,3934,4364,4437,3696,4454,5053,4802,5419,5045,4574,5073,5281,4579,4370,4384,--,--
East North Central : other renewables,thousand megawatthours,ELEC.GEN.AOR-ENC-99.A,4688,4226,5102,5059,4972,5236,5697,8515,10832,14390,17149,20666,24889,26651,28944,28958,31926,32376,36336,38900,46293,57427,55069,--,--
East North Central : wind,thousand megawatthours,ELEC.GEN.WND-ENC-99.A,73,47,118,184,249,373,791,3219,5589,8849,11341,14612,18610,20218,22852,23019,25778,26181,30422,33301,38867,47600,43502,--,--
East North Central : all utility-scale solar,thousand megawatthours,ELEC.GEN.SUN-ENC-99.A,--,--,--,--,--,--,--,--,0,27,30,67,129,207,264,352,520,634,707,849,2549,5216,7694,--,--
East North Central : utility-scale photovoltaic,thousand megawatthours,ELEC.GEN.SPV-ENC-99.A,--,--,--,--,--,--,--,--,0,27,30,52,129,207,264,352,520,634,707,849,2549,5216,7694,--,--
East North Central : utility-scale thermal,thousand megawatthours,ELEC.GEN.STH-ENC-99.A,--,--,--,--,--,--,--,--,--,--,--,16,--,--,--,--,--,--,--,--,--,--,--,--,--
East North Central : geothermal,thousand megawatthours,ELEC.GEN.GEO-ENC-99.A,--,--,--,--,--,--,--,--,--,--,--,--,--,--,--,--,--,--,--,--,--,--,--,--,--
East North Central : biomass,thousand megawatthours,ELEC.GEN.BIO-ENC-99.A,4615,4180,4984,4876,4723,4863,4906,5296,5243,5514,5779,5987,6150,6225,5828,5587,5628,5561,5207,4749,4877,4610,3873,--,--
East North Central : wood and wood-derived fuels,thousand megawatthours,ELEC.GEN.WWW-ENC-99.A,2809,2246,2933,2869,2922,2887,2877,2904,2668,2946,3101,3197,3219,3200,2772,2674,2644,2691,2457,2041,2358,2466,2083,--,--
East North Central : other biomass,thousand megawatthours,ELEC.GEN.WAS-ENC-99.A,1807,1934,2051,2007,1802,1976,2030,2392,2575,2568,2678,2790,2931,3025,3055,2913,2985,2870,2750,2709,2518,2145,1791,--,--
East North Central : hydro-electric pumped storage,thousand megawatthours,ELEC.GEN.HPS-ENC-99.A,-1127,-1036,-1017,-1113,-1106,-1039,-1129,-916,-857,-1023,-945,-773,-871,-701,-481,-752,-675,-698,-696,-845,-715,-868,-810,--,--
East North Central : other,thousand megawatthours,ELEC.GEN.OTH-ENC-99.A,374,814,1153,1055,1158,1149,812,776,825,1087,1095,1133,1113,1134,1132,940,844,848,795,915,907,902,977,--,--
East North Central : all solar,thousand megawatthours,ELEC.GEN.TSN-ENC-99.A,--,--,--,--,--,--,--,--,--,--,--,--,--,378,463,604,863,1134,1428,1965,4344,7538,10580,--,--
East North Central : small-scale solar photovoltaic,thousand megawatthours,ELEC.GEN.DPV-ENC-99.A,--,--,--,--,--,--,--,--,--,--,--,--,--,171,199,251,343,501,721,1116,1795,2321,2887,--,--
East North Central : all utility-scale solar,thousand megawatthours,ELEC.GEN.SUN-ENC-99.A,--,--,--,--,--,--,--,--,0,27,30,67,129,207,264,352,520,634,707,849,2549,5216,7694,--,--
East North Central : utility-scale photovoltaic,thousand megawatthours,ELEC.GEN.SPV-ENC-99.A,--,--,--,--,--,--,--,--,0,27,30,52,129,207,264,352,520,634,707,849,2549,5216,7694,--,--
East North Central : utility-scale thermal,thousand megawatthours,ELEC.GEN.STH-ENC-99.A,--,--,--,--,--,--,--,--,--,--,--,16,--,--,--,--,--,--,--,--,--,--,--,--,--
Illinois,,ELEC.GEN..A,,,,,,,,,,,,,,,,,,,,,,,,,
Illinois : all fuels (utility-scale),thousand megawatthours,ELEC.GEN.ALL-IL-99.A,179249,188054,189055,191958,194120,192427,200261,199475,193864,201352,199500,197565,203005,202144,193952,187289,183592,188003,184470,173395,181638,185223,177738,185013,193409
Illinois : coal,thousand megawatthours,ELEC.GEN.COW-IL-99.A,79551,86685,87981,94402,92265,91649,95265,96644,89967,93611,90013,80827,87927,87282,73774,59338,57980,59642,48788,31238,43298,40559,27150,26965,30895
Illinois : petroleum liquids,thousand megawatthours,ELEC.GEN.PEL-IL-99.A,1491,223,1121,659,227,119,132,143,113,110,84,71,72,87,56,70,51,53,44,30,54,38,26,21,31
Illinois : petroleum coke,thousand megawatthours,ELEC.GEN.PC-IL-99.A,15,0,0,104,101,16,0,0,0,0,--,--,--,0,0,0,0,0,0,0,0,0,0,0,0
Illinois : natural gas,thousand megawatthours,ELEC.GEN.NG-IL-99.A,4606,9079,3902,3393,7114,5279,7542,4260,4495,5724,5956,11189,6828,5465,10864,17485,15016,17241,21346,24516,20665,19789,28445,30137,32567
Illinois : other gases,thousand megawatthours,ELEC.GEN.OOG-IL-99.A,356,233,204,246,199,149,134,54,88,161,319,294,356,338,280,204,180,201,261,285,242,265,248,177,185
Illinois : nuclear,thousand megawatthours,ELEC.GEN.NUC-IL-99.A,92358,90860,94733,92047,93263,94154,95729,95152,95474,96190,95823,96401,97131,97858,97282,98607,97191,98102,98735,100246,96994,98870,97559,99212,97670
Illinois : conventional hydroelectric,thousand megawatthours,ELEC.GEN.HYC-IL-99.A,144,129,139,154,129,173,154,139,136,119,140,111,120,132,124,133,125,147,124,135,129,115,92,75,89
Illinois : other renewables,thousand megawatthours,ELEC.GEN.AOR-IL-99.A,679,724,819,822,783,849,1285,3035,3530,5138,6865,8373,10285,10699,11323,11179,12794,12391,14934,16696,20011,25325,23961,28192,31757
Illinois : wind,thousand megawatthours,ELEC.GEN.WND-IL-99.A,--,--,18,78,141,255,664,2337,2820,4454,6213,7727,9625,10083,10747,10663,12268,11899,14460,16226,19133,23494,21808,24910,25011
Illinois : all utility-scale solar,thousand megawatthours,ELEC.GEN.SUN-IL-99.A,--,--,--,--,--,--,--,--,0,14,14,31,52,50,49,49,52,66,62,79,513,1548,1911,3057,6494
Illinois : utility-scale photovoltaic,thousand megawatthours,ELEC.GEN.SPV-IL-99.A,--,--,--,--,--,--,--,--,0,14,14,15,52,50,49,49,52,66,62,79,513,1548,1911,3057,6494
Illinois : utility-scale thermal,thousand megawatthours,ELEC.GEN.STH-IL-99.A,--,--,--,--,--,--,--,--,--,--,--,16,--,--,--,--,--,--,--,--,--,--,--,--,--
Illinois : geothermal,thousand megawatthours,ELEC.GEN.GEO-IL-99.A,--,--,--,--,--,--,--,--,--,--,--,--,--,--,--,--,--,--,--,--,--,--,--,--,--
Illinois : biomass,thousand megawatthours,ELEC.GEN.BIO-IL-99.A,679,724,801,744,642,594,620,698,710,670,638,615,608,566,527,467,474,426,412,391,364,283,242,224,252
Illinois : wood and wood-derived fuels,thousand megawatthours,ELEC.GEN.WWW-IL-99.A,--,--,--,--,--,--,--,1,0,0,1,0,0,0,0,0,0,0,0,0,0,0,0,0,0
Illinois : other biomass,thousand megawatthours,ELEC.GEN.WAS-IL-99.A,679,724,801,744,642,594,620,697,710,670,638,615,608,566,527,467,474,426,412,391,364,283,242,224,252
Illinois : hydro-electric pumped storage,thousand megawatthours,ELEC.GEN.HPS-IL-99.A,--,--,--,--,--,--,--,--,--,--,--,--,--,--,--,--,--,--,--,--,--,--,--,--,--
Illinois : other,thousand megawatthours,ELEC.GEN.OTH-IL-99.A,50,122,156,132,40,38,21,49,62,300,299,299,285,282,248,274,254,227,239,249,246,263,256,233,214
Illinois : all solar,thousand megawatthours,ELEC.GEN.TSN-IL-99.A,--,--,--,--,--,--,--,--,--,--,--,--,--,71,76,86,111,161,251,506,1438,2795,3447,4787,8750
Illinois : small-scale solar photovoltaic,thousand megawatthours,ELEC.GEN.DPV-IL-99.A,--,--,--,--,--,--,--,--,--,--,--,--,--,21,27,37,58,95,189,427,925,1247,1536,1730,2256
Illinois : all utility-scale solar,thousand megawatthours,ELEC.GEN.SUN-IL-99.A,--,--,--,--,--,--,--,--,0,14,14,31,52,50,49,49,52,66,62,79,513,1548,1911,3057,6494
Illinois : utility-scale photovoltaic,thousand megawatthours,ELEC.GEN.SPV-IL-99.A,--,--,--,--,--,--,--,--,0,14,14,15,52,50,49,49,52,66,62,79,513,1548,1911,3057,6494
Illinois : utility-scale thermal,thousand megawatthours,ELEC.GEN.STH-IL-99.A,--,--,--,--,--,--,--,--,--,--,--,16,--,--,--,--,--,--,--,--,--,--,--,--,--
Indiana,,ELEC.GEN..A,,,,,,,,,,,,,,,,,,,,,,,,,
Indiana : all fuels (utility-scale),thousand megawatthours,ELEC.GEN.ALL-IN-99.A,122570,125608,124888,127770,130372,130490,130638,129510,116670,125181,122131,114696,110403,115395,104019,101759,98930,113460,102505,90073,94165,98055,90047,97013,109763
Indiana : coal,thousand megawatthours,ELEC.GEN.COW-IN-99.A,116067,117660,117756,120671,122833,123645,122803,122036,108312,112328,104153,92461,92672,97549,78231,72533,72385,77455,60762,47773,54448,51384,40932,40526,49314
Indiana : petroleum liquids,thousand megawatthours,ELEC.GEN.PEL-IN-99.A,324,313,224,171,162,148,170,178,147,155,172,114,139,164,159,113,125,131,127,113,128,114,97,120,177
Indiana : petroleum coke,thousand megawatthours,ELEC.GEN.PC-IN-99.A,167,304,231,254,99,0,0,0,10,0,1161,831,1433,1199,1179,497,0,0,0,0,0,0,0,0,0
Indiana : natural gas,thousand megawatthours,ELEC.GEN.NG-IN-99.A,2332,3782,3049,2438,3615,2682,4012,3636,3830,6475,10064,14471,9032,9572,16263,19996,17976,26817,32042,32085,27600,32121,34849,39860,39778
Indiana : other gases,thousand megawatthours,ELEC.GEN.OOG-IN-99.A,2979,3006,2592,3136,2722,2870,2591,2356,1820,2144,2183,2491,2410,2161,2269,2272,1991,2326,1984,2240,2254,2145,2272,2114,2536
Indiana : nuclear,thousand megawatthours,ELEC.GEN.NUC-IN-99.A,--,--,--,--,--,--,--,--,--,--,--,--,--,--,--,--,--,--,--,--,--,--,--,--,--
Indiana : conventional hydroelectric,thousand megawatthours,ELEC.GEN.HYC-IN-99.A,571,411,424,444,438,490,450,437,503,454,409,434,387,371,381,426,306,223,256,271,387,371,464,375,352
Indiana : other renewables,thousand megawatthours,ELEC.GEN.AOR-IN-99.A,115,116,119,137,68,220,231,511,1706,3246,3621,3546,3888,3989,5118,5558,5840,6188,7001,7094,8859,11453,10953,13587,17215
Indiana : wind,thousand megawatthours,ELEC.GEN.WND-IN-99.A,--,--,--,--,--,--,--,238,1403,2934,3285,3210,3481,3496,4515,4899,5089,5437,6216,6288,7857,9985,8844,10312,10309
Indiana : all utility-scale solar,thousand megawatthours,ELEC.GEN.SUN-IN-99.A,--,--,--,--,--,--,--,--,--,--,--,NM,31,102,156,226,278,291,323,359,573,1082,1854,3091,6730
Indiana : utility-scale photovoltaic,thousand megawatthours,ELEC.GEN.SPV-IN-99.A,--,--,--,--,--,--,--,--,--,--,--,NM,31,102,156,226,278,291,323,359,573,1082,1854,3091,6730
Indiana : utility-scale thermal,thousand megawatthours,ELEC.GEN.STH-IN-99.A,--,--,--,--,--,--,--,--,--,--,--,--,--,--,--,--,--,--,--,--,--,--,--,--,--
Indiana : geothermal,thousand megawatthours,ELEC.GEN.GEO-IN-99.A,--,--,--,--,--,--,--,--,--,--,--,--,--,--,--,--,--,--,--,--,--,--,--,--,--
Indiana : biomass,thousand megawatthours,ELEC.GEN.BIO-IN-99.A,115,116,119,137,68,220,231,273,303,312,336,336,376,391,446,433,473,460,463,448,429,386,254,183,176
Indiana : wood and wood-derived fuels,thousand megawatthours,ELEC.GEN.WWW-IN-99.A,--,--,--,--,--,--,--,--,--,--,--,--,0,0,0,0,0,0,0,0,0,0,0,--,--
Indiana : other biomass,thousand megawatthours,ELEC.GEN.WAS-IN-99.A,115,116,119,137,68,220,231,273,303,312,336,336,376,391,446,433,473,460,463,448,429,386,254,183,176
Indiana : hydro-electric pumped storage,thousand megawatthours,ELEC.GEN.HPS-IN-99.A,--,--,--,--,--,--,--,--,--,--,--,--,--,--,--,--,--,--,--,--,--,--,--,--,--
Indiana : other,thousand megawatthours,ELEC.GEN.OTH-IN-99.A,16,16,492,519,434,435,381,356,343,380,369,347,442,391,420,363,306,321,333,498,489,467,482,432,391
Indiana : all solar,thousand megawatthours,ELEC.GEN.TSN-IN-99.A,--,--,--,--,--,--,--,--,--,--,--,--,--,111,168,243,313,389,450,526,791,1363,2203,3478,7155
Indiana : small-scale solar photovoltaic,thousand megawatthours,ELEC.GEN.DPV-IN-99.A,--,--,--,--,--,--,--,--,--,--,--,--,--,9,12,17,35,98,128,167,218,281,349,387,424
Indiana : all utility-scale solar,thousand megawatthours,ELEC.GEN.SUN-IN-99.A,--,--,--,--,--,--,--,--,--,--,--,NM,31,102,156,226,278,291,323,359,573,1082,1854,3091,6730
Indiana : utility-scale photovoltaic,thousand megawatthours,ELEC.GEN.SPV-IN-99.A,--,--,--,--,--,--,--,--,--,--,--,NM,31,102,156,226,278,291,323,359,573,1082,1854,3091,6730
Indiana : utility-scale thermal,thousand megawatthours,ELEC.GEN.STH-IN-99.A,--,--,--,--,--,--,--,--,--,--,--,--,--,--,--,--,--,--,--,--,--,--,--,--,--
Michigan,,ELEC.GEN..A,,,,,,,,,,,,,,,,,,,,,,,,,
Michigan : all fuels (utility-scale),thousand megawatthours,ELEC.GEN.ALL-MI-99.A,111846,117889,111347,118487,121620,112557,119310,114990,101203,111551,109170,108158,105418,106817,113008,112122,112314,115837,116701,106625,115513,117497,120657,124200,127934
Michigan : coal,thousand megawatthours,ELEC.GEN.COW-MI-99.A,68263,66700,67777,68606,70323,67780,70811,69855,66848,65604,58948,53136,56291,52900,52884,40527,42021,42331,37341,27961,37054,34482,23555,25738,29308
Michigan : petroleum liquids,thousand megawatthours,ELEC.GEN.PEL-MI-99.A,749,1069,878,742,803,311,457,286,216,190,179,138,130,140,109,120,110,117,94,87,117,106,97,87,91
Michigan : petroleum coke,thousand megawatthours,ELEC.GEN.PC-MI-99.A,1,35,186,155,74,91,242,171,183,193,163,187,403,911,718,699,1007,1096,822,847,1032,1449,1257,1406,1642
Michigan : natural gas,thousand megawatthours,ELEC.GEN.NG-MI-99.A,13174,15853,11375,14548,13764,11410,13141,9602,8420,12249,12982,21748,12341,12523,20045,29295,26131,30987,34430,36434,30513,41184,54068,55734,53148
Michigan : other gases,thousand megawatthours,ELEC.GEN.OOG-MI-99.A,6,10,2,599,372,412,282,264,203,299,269,315,957,1120,1213,1615,1652,1598,1697,969,1202,1330,1377,946,352
Michigan : nuclear,thousand megawatthours,ELEC.GEN.NUC-MI-99.A,26711,31087,27954,30562,32872,29066,31517,31484,21851,29625,32889,28020,28921,31246,29334,31552,32381,30479,32909,30333,34338,26013,27996,26281,27534
Michigan : conventional hydroelectric,thousand megawatthours,ELEC.GEN.HYC-MI-99.A,1562,1669,1386,1540,1462,1520,1270,1364,1372,1251,1357,1207,1419,1600,1499,1564,1679,1569,1650,1713,1340,1386,1395,1255,1336
Michigan : other renewables,thousand megawatthours,ELEC.GEN.AOR-MI-99.A,2362,2220,2498,2558,2494,2443,2417,2591,2623,2832,2962,3785,5514,6674,7283,7200,7749,8106,8283,8992,10489,12268,11584,13635,15073
Michigan : wind,thousand megawatthours,ELEC.GEN.WND-MI-99.A,0,0,3,2,2,2,3,141,300,360,456,1132,2800,3868,4797,4696,5191,5457,5826,6735,7697,9151,8292,9839,10116
Michigan : all utility-scale solar,thousand megawatthours,ELEC.GEN.SUN-MI-99.A,--,--,--,--,--,--,--,--,--,--,--,--,--,--,1,9,63,118,143,155,424,859,1269,1859,2860
Michigan : utility-scale photovoltaic,thousand megawatthours,ELEC.GEN.SPV-MI-99.A,--,--,--,--,--,--,--,--,--,--,--,--,--,--,1,9,63,118,143,155,424,859,1269,1859,2860
Michigan : utility-scale thermal,thousand megawatthours,ELEC.GEN.STH-MI-99.A,--,--,--,--,--,--,--,--,--,--,--,--,--,--,--,--,--,--,--,--,--,--,--,--,--
Michigan : geothermal,thousand megawatthours,ELEC.GEN.GEO-MI-99.A,--,--,--,--,--,--,--,--,--,--,--,--,--,--,--,--,--,--,--,--,--,--,--,--,--
Michigan : biomass,thousand megawatthours,ELEC.GEN.BIO-MI-99.A,2361,2220,2495,2557,2492,2440,2414,2450,2323,2472,2506,2654,2715,2806,2485,2495,2494,2531,2314,2102,2369,2258,2023,1937,2097
Michigan : wood and wood-derived fuels,thousand megawatthours,ELEC.GEN.WWW-MI-99.A,1700,1475,1768,1867,1776,1704,1692,1710,1489,1670,1679,1698,1727,1751,1447,1522,1508,1574,1399,1119,1461,1474,1269,1270,1430
Michigan : other biomass,thousand megawatthours,ELEC.GEN.WAS-MI-99.A,661,745,727,690,717,737,722,740,834,802,827,956,988,1055,1038,973,986,957,915,982,907,784,754,667,667
Michigan : hydro-electric pumped storage,thousand megawatthours,ELEC.GEN.HPS-MI-99.A,-1127,-1036,-1017,-1113,-1106,-1039,-1129,-916,-857,-1023,-945,-773,-871,-701,-481,-752,-675,-698,-696,-845,-715,-868,-810,-976,-638
Michigan : other,thousand megawatthours,ELEC.GEN.OTH-MI-99.A,146,281,309,291,562,563,303,286,344,332,363,395,312,404,405,302,260,252,173,135,143,147,138,94,88
Michigan : all solar,thousand megawatthours,ELEC.GEN.TSN-MI-99.A,--,--,--,--,--,--,--,--,--,--,--,--,--,35,39,64,129,197,253,310,616,1105,1566,2205,3275
Michigan : small-scale solar photovoltaic,thousand megawatthours,ELEC.GEN.DPV-MI-99.A,--,--,--,--,--,--,--,--,--,--,--,--,--,35,38,55,65,79,110,155,192,246,298,346,415
Michigan : all utility-scale solar,thousand megawatthours,ELEC.GEN.SUN-MI-99.A,--,--,--,--,--,--,--,--,--,--,--,--,--,--,1,9,63,118,143,155,424,859,1269,1859,2860
Michigan : utility-scale photovoltaic,thousand megawatthours,ELEC.GEN.SPV-MI-99.A,--,--,--,--,--,--,--,--,--,--,--,--,--,--,1,9,63,118,143,155,424,859,1269,1859,2860
Michigan : utility-scale thermal,thousand megawatthours,ELEC.GEN.STH-MI-99.A,--,--,--,--,--,--,--,--,--,--,--,--,--,--,--,--,--,--,--,--,--,--,--,--,--
Ohio,,ELEC.GEN..A,,,,,,,,,,,,,,,,,,,,,,,,,
Ohio : all fuels (utility-scale),thousand megawatthours,ELEC.GEN.ALL-OH-99.A,142262,147069,146638,148346,156976,155434,155156,153412,136090,143598,135586,129746,137284,134503,123079,119886,120814,127937,121550,122538,125948,135810,133223,142747,147423
Ohio : coal,thousand megawatthours,ELEC.GEN.COW-OH-99.A,124213,132953,134769,128157,136826,133400,133131,130694,113712,117828,105337,85589,94564,89879,71710,68775,68344,58727,46765,45009,45662,42993,31436,30080,35857
Ohio : petroleum liquids,thousand megawatthours,ELEC.GEN.PEL-OH-99.A,417,389,410,353,360,308,313,290,262,298,313,258,227,307,220,217,206,219,164,117,154,372,114,141,168
Ohio : petroleum coke,thousand megawatthours,ELEC.GEN.PC-OH-99.A,--,--,--,1035,1030,1047,835,1147,1049,1144,1075,1023,1159,939,1097,965,1035,1097,680,1057,971,900,935,1002,1134
Ohio : natural gas,thousand megawatthours,ELEC.GEN.NG-OH-99.A,924,1767,1794,1391,2696,2379,3975,2484,4650,7128,12338,22665,21694,23663,29220,29906,30060,45967,52874,53927,56381,68865,78705,85137,80646
Ohio : other gases,thousand megawatthours,ELEC.GEN.OOG-OH-99.A,302,207,213,302,298,360,289,261,37,254,304,959,953,929,945,721,786,787,776,704,813,738,787,856,881
Ohio : nuclear,thousand megawatthours,ELEC.GEN.NUC-OH-99.A,15464,10865,8475,15950,14803,16847,15764,17514,15206,15805,14890,17087,16121,16284,17377,16817,17688,18315,17011,18219,17483,16827,16207,17947,17142
Ohio : conventional hydroelectric,thousand megawatthours,ELEC.GEN.HYC-OH-99.A,511,488,511,730,516,632,410,386,528,429,384,414,549,478,457,500,277,244,403,374,578,507,507,468,433
Ohio : other renewables,thousand megawatthours,ELEC.GEN.AOR-OH-99.A,431,151,441,428,446,459,435,623,633,700,936,1739,2009,2026,2058,2033,2421,2576,2870,3127,3902,4605,4526,7115,11161
Ohio : wind,thousand megawatthours,ELEC.GEN.WND-OH-99.A,--,--,--,--,13,14,15,15,14,13,198,985,1146,1153,1203,1245,1589,1750,2043,2289,2587,3154,2819,2822,2975
Ohio : all utility-scale solar,thousand megawatthours,ELEC.GEN.SUN-OH-99.A,--,--,--,--,--,--,--,--,--,13,15,37,46,54,56,66,105,119,142,164,673,921,1382,4002,7906
Ohio : utility-scale photovoltaic,thousand megawatthours,ELEC.GEN.SPV-OH-99.A,--,--,--,--,--,--,--,--,--,13,15,37,46,54,56,66,105,119,142,164,673,921,1382,4002,7906
Ohio : utility-scale thermal,thousand megawatthours,ELEC.GEN.STH-OH-99.A,--,--,--,--,--,--,--,--,--,--,--,--,--,--,--,--,--,--,--,--,--,--,--,--,--
Ohio : geothermal,thousand megawatthours,ELEC.GEN.GEO-OH-99.A,--,--,--,--,--,--,--,--,--,--,--,--,--,--,--,--,--,--,--,--,--,--,--,--,--
Ohio : biomass,thousand megawatthours,ELEC.GEN.BIO-OH-99.A,431,151,441,428,432,444,420,608,619,675,722,717,817,818,799,722,727,707,685,674,643,530,324,292,280
Ohio : wood and wood-derived fuels,thousand megawatthours,ELEC.GEN.WWW-OH-99.A,403,126,407,398,406,410,399,418,410,399,390,351,343,348,326,272,258,234,241,246,236,222,167,151,142
Ohio : other biomass,thousand megawatthours,ELEC.GEN.WAS-OH-99.A,28,25,33,30,27,34,21,190,210,276,332,366,474,471,473,450,469,473,444,428,407,309,157,141,138
Ohio : hydro-electric pumped storage,thousand megawatthours,ELEC.GEN.HPS-OH-99.A,--,--,--,--,--,--,--,--,--,--,--,--,--,--,--,--,--,--,--,--,--,--,--,--,--
Ohio : other,thousand megawatthours,ELEC.GEN.OTH-OH-99.A,--,249,26,0,2,3,3,11,11,12,10,12,8,-3,-3,-48,-2,5,8,5,3,3,6,1,NM
Ohio : all solar,thousand megawatthours,ELEC.GEN.TSN-OH-99.A,--,--,--,--,--,--,--,--,--,--,--,--,--,137,151,173,234,272,336,400,950,1247,1800,4510,8517
Ohio : small-scale solar photovoltaic,thousand megawatthours,ELEC.GEN.DPV-OH-99.A,--,--,--,--,--,--,--,--,--,--,--,--,--,83,95,108,129,153,194,237,278,326,418,508,611
Ohio : all utility-scale solar,thousand megawatthours,ELEC.GEN.SUN-OH-99.A,--,--,--,--,--,--,--,--,--,13,15,37,46,54,56,66,105,119,142,164,673,921,1382,4002,7906
Ohio : utility-scale photovoltaic,thousand megawatthours,ELEC.GEN.SPV-OH-99.A,--,--,--,--,--,--,--,--,--,13,15,37,46,54,56,66,105,119,142,164,673,921,1382,4002,7906
Ohio : utility-scale thermal,thousand megawatthours,ELEC.GEN.STH-OH-99.A,--,--,--,--,--,--,--,--,--,--,--,--,--,--,--,--,--,--,--,--,--,--,--,--,--
Wisconsin,,ELEC.GEN..A,,,,,,,,,,,,,,,,,,,,,,,,,
Wisconsin : all fuels (utility-scale),thousand megawatthours,ELEC.GEN.ALL-WI-99.A,58763,58431,60122,60445,61825,61640,63391,63480,59959,64314,63289,63751,65963,61065,66360,64967,65107,65937,62774,61449,64276,61239,62549,65276,66722
Wisconsin : coal,thousand megawatthours,ELEC.GEN.COW-WI-99.A,41253,39807,41717,42148,41729,40116,40028,41706,37280,40169,39938,32758,40645,37449,37181,33363,35852,33322,26335,23761,27442,21923,21087,20763,23350
Wisconsin : petroleum liquids,thousand megawatthours,ELEC.GEN.PEL-WI-99.A,159,109,143,161,164,136,160,96,41,35,36,39,29,52,27,27,33,36,53,19,167,31,48,64,58
Wisconsin : petroleum coke,thousand megawatthours,ELEC.GEN.PC-WI-99.A,289,313,330,634,583,741,854,835,672,684,547,279,274,267,181,120,111,101,90,86,154,145,43,3,9
Wisconsin : natural gas,thousand megawatthours,ELEC.GEN.NG-WI-99.A,2234,2076,2478,2405,6387,5358,6489,5244,5484,5497,6243,11542,8102,8054,13399,15473,13656,16799,20334,22002,21342,23276,25621,26246,23722
Wisconsin : other gases,thousand megawatthours,ELEC.GEN.OOG-WI-99.A,--,--,--,--,--,--,--,--,--,0,--,--,--,--,--,--,--,--,--,--,--,--,--,--,--
Wisconsin : nuclear,thousand megawatthours,ELEC.GEN.NUC-WI-99.A,11507,12449,12215,11888,9921,12234,12910,12155,12683,13281,11560,14300,11675,9447,10008,10151,9649,10129,10030,9771,9970,10077,9683,10147,10176
Wisconsin : conventional hydroelectric,thousand megawatthours,ELEC.GEN.HYC-WI-99.A,2056,2515,1843,1981,1740,1679,1516,1616,1394,2112,2147,1530,1979,2472,2341,2795,2657,2392,2641,2788,2145,1991,1926,2072,2187
Wisconsin : other renewables,thousand megawatthours,ELEC.GEN.AOR-WI-99.A,1102,1016,1226,1114,1182,1266,1330,1754,2340,2474,2765,3223,3192,3262,3162,2988,3122,3114,3248,2992,3032,3775,4046,5959,7196
Wisconsin : wind,thousand megawatthours,ELEC.GEN.WND-WI-99.A,72,46,98,104,93,101,109,487,1052,1088,1188,1558,1558,1618,1589,1515,1641,1638,1878,1763,1593,1816,1738,1994,1964
Wisconsin : all utility-scale solar,thousand megawatthours,ELEC.GEN.SUN-WI-99.A,--,--,--,--,--,--,--,--,--,--,--,--,--,1,1,3,21,40,38,93,367,805,1277,2880,4029
Wisconsin : utility-scale photovoltaic,thousand megawatthours,ELEC.GEN.SPV-WI-99.A,--,--,--,--,--,--,--,--,--,--,--,--,--,1,1,3,21,40,38,93,367,805,1277,2880,4029
Wisconsin : utility-scale thermal,thousand megawatthours,ELEC.GEN.STH-WI-99.A,--,--,--,--,--,--,--,--,--,--,--,--,--,--,--,--,--,--,--,--,--,--,--,--,--
Wisconsin : geothermal,thousand megawatthours,ELEC.GEN.GEO-WI-99.A,--,--,--,--,--,--,--,--,--,--,--,--,--,--,--,--,--,--,--,--,--,--,--,--,--
Wisconsin : biomass,thousand megawatthours,ELEC.GEN.BIO-WI-99.A,1030,969,1128,1010,1089,1164,1220,1267,1288,1385,1577,1666,1634,1643,1571,1470,1460,1437,1333,1136,1072,1154,1030,1085,1204
Wisconsin : wood and wood-derived fuels,thousand megawatthours,ELEC.GEN.WWW-WI-99.A,705,645,757,605,740,774,785,775,769,878,1032,1149,1150,1101,1000,880,878,883,816,675,661,771,647,706,825
Wisconsin : other biomass,thousand megawatthours,ELEC.GEN.WAS-WI-99.A,325,324,371,405,349,390,435,492,519,508,545,517,484,542,571,590,582,554,516,460,411,383,383,379,379
Wisconsin : hydro-electric pumped storage,thousand megawatthours,ELEC.GEN.HPS-WI-99.A,--,--,--,--,--,--,--,--,--,--,--,--,--,--,--,--,--,--,--,--,--,--,--,--,--
Wisconsin : other,thousand megawatthours,ELEC.GEN.OTH-WI-99.A,163,146,170,114,119,110,104,74,65,63,54,80,66,62,63,50,27,43,42,29,25,22,95,22,24
Wisconsin : all solar,thousand megawatthours,ELEC.GEN.TSN-WI-99.A,--,--,--,--,--,--,--,--,--,--,--,--,--,25,29,37,77,115,139,223,549,1027,1564,3250,4442
Wisconsin : small-scale solar photovoltaic,thousand megawatthours,ELEC.GEN.DPV-WI-99.A,--,--,--,--,--,--,--,--,--,--,--,--,--,23,27,35,56,75,101,129,182,222,287,369,413
Wisconsin : all utility-scale solar,thousand megawatthours,ELEC.GEN.SUN-WI-99.A,--,--,--,--,--,--,--,--,--,--,--,--,--,1,1,3,21,40,38,93,367,805,1277,2880,4029
Wisconsin : utility-scale photovoltaic,thousand megawatthours,ELEC.GEN.SPV-WI-99.A,--,--,--,--,--,--,--,--,--,--,--,--,--,1,1,3,21,40,38,93,367,805,1277,2880,4029
Wisconsin : utility-scale thermal,thousand megawatthours,ELEC.GEN.STH-WI-99.A,--,--,--,--,--,--,--,--,--,--,--,--,--,--,--,--,--,--,--,--,--,--,--,--,--
West North Central,,ELEC.GEN..A,,,,,,,,,,,,,,,,,,,,,,,,,
West North Central : all fuels (utility-scale),thousand megawatthours,ELEC.GEN.ALL-WNC-99.A,281693,294304,300682,299483,303784,305615,315346,317700,315778,332835,332902,327475,330302,338303,329479,325988,340046,353902,344147,336428,358241,376502,351225,--,--
West North Central : coal,thousand megawatthours,ELEC.GEN.COW-WNC-99.A,216729,224923,234610,231031,233193,231084,232959,234513,226707,232041,232119,214964,219787,217856,197842,182383,185041,189023,161119,141834,160100,154044,127850,--,--
West North Central : petroleum liquids,thousand megawatthours,ELEC.GEN.PEL-WNC-99.A,1090,779,1417,1193,1483,371,677,378,295,348,311,292,295,349,289,392,299,323,353,275,742,41,418,--,--
West North Central : petroleum coke,thousand megawatthours,ELEC.GEN.PC-WNC-99.A,1020,1040,795,832,685,510,457,309,140,141,91,17,72,85,46,39,43,44,77,74,29,12,2,--,--
West North Central : natural gas,thousand megawatthours,ELEC.GEN.NG-WNC-99.A,8273,7987,6574,6397,11274,11561,15523,13442,10524,13156,12000,19062,15104,11844,17472,22475,20587,29103,35005,33014,32038,31727,44054,--,--
West North Central : other gases,thousand megawatthours,ELEC.GEN.OOG-WNC-99.A,65,55,52,61,62,64,82,29,74,43,39,35,42,40,39,40,42,51,50,38,38,31,23,--,--
West North Central : nuclear,thousand megawatthours,ELEC.GEN.NUC-WNC-99.A,43099,45812,43988,46429,43027,46748,48404,45634,45523,47535,40797,41096,38429,44796,46677,45590,44983,44952,44729,42095,33871,38171,38331,--,--
West North Central : conventional hydroelectric,thousand megawatthours,ELEC.GEN.HYC-WNC-99.A,8695,10169,9248,9233,8193,7501,7401,8196,9951,11936,13677,11767,9450,11328,12053,10998,12829,13662,16523,13610,11481,10475,10055,--,--
West North Central : other renewables,thousand megawatthours,ELEC.GEN.AOR-WNC-99.A,2645,3307,3790,3777,5378,7365,9085,14236,21648,26420,33325,39730,46412,51532,54218,63417,75665,76235,85545,105140,119566,141512,130196,--,--
West North Central : wind,thousand megawatthours,ELEC.GEN.WND-WNC-99.A,1428,2305,2467,2632,4130,6144,7536,12454,19637,24182,31288,37561,44436,49249,51867,60923,72542,72907,82465,101616,115451,137224,125583,--,--
West North Central : all utility-scale solar,thousand megawatthours,ELEC.GEN.SUN-WNC-99.A,--,--,--,--,--,--,--,--,--,--,--,0,3,11,21,49,680,1181,1409,1870,2358,2590,2997,--,--
West North Central : utility-scale photovoltaic,thousand megawatthours,ELEC.GEN.SPV-WNC-99.A,--,--,--,--,--,--,--,--,--,--,--,0,3,11,21,49,680,1181,1408,1870,2358,2590,2997,--,--
West North Central : utility-scale thermal,thousand megawatthours,ELEC.GEN.STH-WNC-99.A,--,--,--,--,--,--,--,--,--,--,--,--,--,--,--,--,--,--,0,--,--,--,--,--,--
West North Central : geothermal,thousand megawatthours,ELEC.GEN.GEO-WNC-99.A,--,--,--,--,--,--,--,--,--,--,--,--,--,--,--,--,--,--,--,--,--,--,--,--,--
West North Central : biomass,thousand megawatthours,ELEC.GEN.BIO-WNC-99.A,1217,1001,1323,1145,1248,1220,1549,1782,2011,2238,2037,2169,1973,2271,2330,2445,2443,2147,1671,1654,1757,1698,1616,--,--
West North Central : wood and wood-derived fuels,thousand megawatthours,ELEC.GEN.WWW-WNC-99.A,575,378,657,653,656,590,728,727,799,933,748,839,1043,1183,1208,1266,1354,1166,894,873,1005,961,904,--,--
West North Central : other biomass,thousand megawatthours,ELEC.GEN.WAS-WNC-99.A,642,624,666,493,591,631,821,1055,1212,1306,1289,1330,930,1088,1121,1179,1089,980,778,781,752,737,712,--,--
West North Central : hydro-electric pumped storage,thousand megawatthours,ELEC.GEN.HPS-WNC-99.A,-266,-159,-254,115,86,48,383,545,567,888,114,33,296,19,348,179,100,47,337,-22,1,165,-49,--,--
West North Central : other,thousand megawatthours,ELEC.GEN.OTH-WNC-99.A,344,390,462,414,405,363,374,418,349,327,428,478,415,455,495,474,458,463,409,371,373,324,344,--,--
West North Central : all solar,thousand megawatthours,ELEC.GEN.TSN-WNC-99.A,--,--,--,--,--,--,--,--,--,--,--,--,--,172,240,325,1055,1660,2022,2650,3310,3796,4586,--,--
West North Central : small-scale solar photovoltaic,thousand megawatthours,ELEC.GEN.DPV-WNC-99.A,--,--,--,--,--,--,--,--,--,--,--,--,--,161,219,276,376,478,613,780,952,1206,1589,--,--
West North Central : all utility-scale solar,thousand megawatthours,ELEC.GEN.SUN-WNC-99.A,--,--,--,--,--,--,--,--,--,--,--,0,3,11,21,49,680,1181,1409,1870,2358,2590,2997,--,--
West North Central : utility-scale photovoltaic,thousand megawatthours,ELEC.GEN.SPV-WNC-99.A,--,--,--,--,--,--,--,--,--,--,--,0,3,11,21,49,680,1181,1408,1870,2358,2590,2997,--,--
West North Central : utility-scale thermal,thousand megawatthours,ELEC.GEN.STH-WNC-99.A,--,--,--,--,--,--,--,--,--,--,--,--,--,--,--,--,--,--,0,--,--,--,--,--,--
Iowa,,ELEC.GEN..A,,,,,,,,,,,,,,,,,,,,,,,,,
Iowa : all fuels (utility-scale),thousand megawatthours,ELEC.GEN.ALL-IA-99.A,40659,42528,42116,43248,44156,45483,49789,53087,51860,57509,56372,56675,56671,56853,56659,54393,57910,63381,62650,59637,67207,72982,69837,70464,74232
Iowa : coal,thousand megawatthours,ELEC.GEN.COW-IA-99.A,34665,35372,35820,35272,34252,34405,37986,40410,37351,41283,38229,35331,33302,33733,29811,25198,25358,28553,22159,14147,22107,18172,16414,14464,19108
Iowa : petroleum liquids,thousand megawatthours,ELEC.GEN.PEL-IA-99.A,99,58,93,75,143,107,179,80,55,80,69,89,69,59,64,239,104,67,63,37,103,82,62,43,64
Iowa : petroleum coke,thousand megawatthours,ELEC.GEN.PC-IA-99.A,4,6,8,33,7,102,133,81,30,75,72,18,72,85,46,39,43,44,77,74,29,12,2,5,4
Iowa : natural gas,thousand megawatthours,ELEC.GEN.NG-IA-99.A,593,555,313,825,2481,2400,3091,2163,1184,1312,991,1941,1430,1373,2398,2961,4567,7340,7782,7037,6464,7339,10241,9765,8688
Iowa : other gases,thousand megawatthours,ELEC.GEN.OOG-IA-99.A,--,--,--,--,--,--,--,--,--,--,--,--,--,--,--,--,--,--,--,--,--,--,--,--,--
Iowa : nuclear,thousand megawatthours,ELEC.GEN.NUC-IA-99.A,3853,4574,3988,4929,4538,5095,4519,5282,4679,4451,5215,4347,5321,4152,5243,4703,5214,4895,5236,2905,--,--,--,--,--
Iowa : conventional hydroelectric,thousand megawatthours,ELEC.GEN.HYC-IA-99.A,845,946,789,946,960,909,962,819,971,948,925,766,749,879,960,917,1034,925,796,1025,980,1010,948,1030,1135
Iowa : other renewables,thousand megawatthours,ELEC.GEN.AOR-IA-99.A,592,1017,1096,1156,1764,2455,2908,4251,7589,9360,10870,14183,15727,16573,18131,20324,21587,21557,26536,34412,37525,46367,42170,45158,45233
Iowa : wind,thousand megawatthours,ELEC.GEN.WND-IA-99.A,488,919,982,1050,1647,2318,2757,4084,7421,9170,10709,14032,15568,16307,17873,20072,21373,21334,26305,34182,37098,45761,41439,44277,43738
Iowa : all utility-scale solar,thousand megawatthours,ELEC.GEN.SUN-IA-99.A,--,--,--,--,--,--,--,--,--,--,--,--,--,--,--,0,5,11,15,22,225,386,521,663,1299
Iowa : utility-scale photovoltaic,thousand megawatthours,ELEC.GEN.SPV-IA-99.A,--,--,--,--,--,--,--,--,--,--,--,--,--,--,--,0,5,11,15,22,225,386,521,663,1299
Iowa : utility-scale thermal,thousand megawatthours,ELEC.GEN.STH-IA-99.A,--,--,--,--,--,--,--,--,--,--,--,--,--,--,--,--,--,--,--,--,--,--,--,--,--
Iowa : geothermal,thousand megawatthours,ELEC.GEN.GEO-IA-99.A,--,--,--,--,--,--,--,--,--,--,--,--,--,--,--,--,--,--,--,--,--,--,--,--,--
Iowa : biomass,thousand megawatthours,ELEC.GEN.BIO-IA-99.A,104,98,114,106,117,137,151,167,168,190,161,151,159,266,258,252,210,211,216,208,201,220,209,217,196
Iowa : wood and wood-derived fuels,thousand megawatthours,ELEC.GEN.WWW-IA-99.A,--,0,--,--,--,--,0,0,0,--,--,--,0,2,2,1,2,2,12,8,0,7,1,1,0
Iowa : other biomass,thousand megawatthours,ELEC.GEN.WAS-IA-99.A,104,98,114,106,117,137,151,167,168,190,161,151,159,264,256,251,208,209,203,199,201,214,208,217,196
Iowa : hydro-electric pumped storage,thousand megawatthours,ELEC.GEN.HPS-IA-99.A,--,--,--,--,--,--,--,--,--,--,--,--,--,--,--,--,--,--,--,--,--,--,--,--,--
Iowa : other,thousand megawatthours,ELEC.GEN.OTH-IA-99.A,8,0,10,12,12,10,12,0,0,--,--,--,0,0,5,12,2,0,0,0,0,0,0,-1,0
Iowa : all solar,thousand megawatthours,ELEC.GEN.TSN-IA-99.A,--,--,--,--,--,--,--,--,--,--,--,--,--,24,41,60,94,138,176,232,472,693,911,1142,1851
Iowa : small-scale solar photovoltaic,thousand megawatthours,ELEC.GEN.DPV-IA-99.A,--,--,--,--,--,--,--,--,--,--,--,--,--,24,41,59,89,126,160,210,247,308,390,478,552
Iowa : all utility-scale solar,thousand megawatthours,ELEC.GEN.SUN-IA-99.A,--,--,--,--,--,--,--,--,--,--,--,--,--,--,--,0,5,11,15,22,225,386,521,663,1299
Iowa : utility-scale photovoltaic,thousand megawatthours,ELEC.GEN.SPV-IA-99.A,--,--,--,--,--,--,--,--,--,--,--,--,--,--,--,0,5,11,15,22,225,386,521,663,1299
Iowa : utility-scale thermal,thousand megawatthours,ELEC.GEN.STH-IA-99.A,--,--,--,--,--,--,--,--,--,--,--,--,--,--,--,--,--,--,--,--,--,--,--,--,--
Kansas,,ELEC.GEN..A,,,,,,,,,,,,,,,,,,,,,,,,,
Kansas : all fuels (utility-scale),thousand megawatthours,ELEC.GEN.ALL-KS-99.A,44749,47188,46568,46783,45863,45524,50122,46630,46677,47924,45360,44425,48473,49728,45527,47600,50933,51710,50888,54542,56631,62198,58457,57696,63010
Kansas : coal,thousand megawatthours,ELEC.GEN.COW-KS-99.A,31768,35369,35110,34593,34481,33281,36250,34003,32243,32505,31656,27983,29767,28752,24593,23096,19390,20474,17315,16960,19396,20229,16291,13079,19342
Kansas : petroleum liquids,thousand megawatthours,ELEC.GEN.PEL-KS-99.A,617,509,964,854,986,51,43,43,39,45,38,35,51,45,49,28,55,52,78,75,149,-224,59,97,103
Kansas : petroleum coke,thousand megawatthours,ELEC.GEN.PC-KS-99.A,--,--,--,--,--,--,164,87,81,58,19,0,0,0,0,--,--,--,--,--,--,--,--,--,--
Kansas : natural gas,thousand megawatthours,ELEC.GEN.NG-KS-99.A,1951,1789,1226,832,1137,1839,2133,2230,2669,2287,2535,2860,1980,1453,1174,2027,2147,3006,3024,2802,2662,3363,4369,5318,4099
Kansas : other gases,thousand megawatthours,ELEC.GEN.OOG-KS-99.A,--,--,--,--,--,--,--,--,--,--,--,--,--,--,--,--,--,--,--,--,--,--,--,--,--
Kansas : nuclear,thousand megawatthours,ELEC.GEN.NUC-KS-99.A,10347,9042,8890,10133,8821,9350,10369,8497,8769,9556,7319,8285,7168,8558,8630,8246,10648,9168,9248,10582,8575,8982,10302,9204,9269
Kansas : conventional hydroelectric,thousand megawatthours,ELEC.GEN.HYC-KS-99.A,26,13,12,13,11,10,11,11,13,13,15,10,15,16,19,31,29,26,20,32,30,24,13,20,23
Kansas : other renewables,thousand megawatthours,ELEC.GEN.AOR-KS-99.A,40,467,366,359,426,992,1153,1759,2863,3459,3779,5253,9491,10904,11062,14172,18661,18979,21198,24085,25813,29823,27420,29972,30169
Kansas : wind,thousand megawatthours,ELEC.GEN.WND-KS-99.A,40,467,366,359,426,992,1153,1759,2863,3405,3720,5195,9433,10845,10999,14111,18598,18908,21124,23964,25694,29687,27273,29795,29634
Kansas : all utility-scale solar,thousand megawatthours,ELEC.GEN.SUN-KS-99.A,--,--,--,--,--,--,--,--,--,--,--,--,--,--,2,2,5,8,11,58,61,74,81,122,481
Kansas : utility-scale photovoltaic,thousand megawatthours,ELEC.GEN.SPV-KS-99.A,--,--,--,--,--,--,--,--,--,--,--,--,--,--,2,2,5,8,11,58,61,74,81,122,481
Kansas : utility-scale thermal,thousand megawatthours,ELEC.GEN.STH-KS-99.A,--,--,--,--,--,--,--,--,--,--,--,--,--,--,--,--,--,--,--,--,--,--,--,--,--
Kansas : geothermal,thousand megawatthours,ELEC.GEN.GEO-KS-99.A,--,--,--,--,--,--,--,--,--,--,--,--,--,--,--,--,--,--,--,--,--,--,--,--,--
Kansas : biomass,thousand megawatthours,ELEC.GEN.BIO-KS-99.A,--,--,--,--,--,--,--,--,0,54,59,57,58,59,62,59,57,64,63,64,59,61,66,56,55
Kansas : wood and wood-derived fuels,thousand megawatthours,ELEC.GEN.WWW-KS-99.A,--,--,--,--,--,--,--,--,--,--,--,--,--,--,--,--,--,--,--,--,--,--,--,--,--
Kansas : other biomass,thousand megawatthours,ELEC.GEN.WAS-KS-99.A,--,--,--,--,--,--,--,--,0,54,59,57,58,59,62,59,57,64,63,64,59,61,66,56,55
Kansas : hydro-electric pumped storage,thousand megawatthours,ELEC.GEN.HPS-KS-99.A,--,--,--,--,--,--,--,--,--,--,--,--,--,--,--,--,--,--,--,--,--,--,--,--,--
Kansas : other,thousand megawatthours,ELEC.GEN.OTH-KS-99.A,--,--,--,--,--,--,--,--,--,--,--,--,0,0,0,0,5,5,5,5,5,1,3,5,5
Kansas : all solar,thousand megawatthours,ELEC.GEN.TSN-KS-99.A,--,--,--,--,--,--,--,--,--,--,--,--,--,3,6,11,22,35,50,106,122,161,210,288,682
Kansas : small-scale solar photovoltaic,thousand megawatthours,ELEC.GEN.DPV-KS-99.A,--,--,--,--,--,--,--,--,--,--,--,--,--,3,5,8,17,27,38,48,61,87,129,166,201
Kansas : all utility-scale solar,thousand megawatthours,ELEC.GEN.SUN-KS-99.A,--,--,--,--,--,--,--,--,--,--,--,--,--,--,2,2,5,8,11,58,61,74,81,122,481
Kansas : utility-scale photovoltaic,thousand megawatthours,ELEC.GEN.SPV-KS-99.A,--,--,--,--,--,--,--,--,--,--,--,--,--,--,2,2,5,8,11,58,61,74,81,122,481
Kansas : utility-scale thermal,thousand megawatthours,ELEC.GEN.STH-KS-99.A,--,--,--,--,--,--,--,--,--,--,--,--,--,--,--,--,--,--,--,--,--,--,--,--,--
Minnesota,,ELEC.GEN..A,,,,,,,,,,,,,,,,,,,,,,,,,
Minnesota : all fuels (utility-scale),thousand megawatthours,ELEC.GEN.ALL-MN-99.A,48523,52778,55051,52364,53019,53238,54478,54763,52492,53670,53120,52754,51297,56998,56980,59479,58749,61517,59379,56510,59196,58967,57277,58595,61007
Minnesota : coal,thousand megawatthours,ELEC.GEN.COW-MN-99.A,31819,33920,35656,34000,32950,33070,32190,31755,29327,28083,28259,22723,23518,27957,24697,23206,22782,23455,17805,14038,15764,16159,12794,11430,14139
Minnesota : petroleum liquids,thousand megawatthours,ELEC.GEN.PEL-MN-99.A,121,51,135,114,164,86,244,92,66,31,38,30,27,63,28,32,35,47,51,30,105,-61,54,21,10
Minnesota : petroleum coke,thousand megawatthours,ELEC.GEN.PC-MN-99.A,504,602,738,669,612,408,161,140,-1,0,0,0,0,0,--,--,--,--,--,--,--,--,--,--,--
Minnesota : natural gas,thousand megawatthours,ELEC.GEN.NG-MN-99.A,1200,1592,1844,1458,2707,2561,3842,2866,2846,4341,3351,7088,6301,3870,7389,8928,6708,8555,12607,11815,12791,8736,13824,15889,12699
Minnesota : other gases,thousand megawatthours,ELEC.GEN.OOG-MN-99.A,--,--,--,--,--,--,26,27,24,0,0,--,--,--,--,--,--,--,--,--,--,--,--,--,--
Minnesota : nuclear,thousand megawatthours,ELEC.GEN.NUC-MN-99.A,11789,13685,13414,13296,12835,13183,13103,12997,12393,13478,11959,11944,10708,12707,12039,13861,13904,14601,14105,14677,14123,14696,11924,11845,13213
Minnesota : conventional hydroelectric,thousand megawatthours,ELEC.GEN.HYC-MN-99.A,832,809,815,738,775,572,654,727,809,840,746,561,511,548,849,1209,1258,1054,1056,1002,679,950,750,868,921
Minnesota : other renewables,thousand megawatthours,ELEC.GEN.AOR-MN-99.A,1977,1787,2121,1797,2652,3059,3933,5851,6737,6640,8406,10015,9871,11457,11588,11836,13666,13400,13402,14621,15421,18179,17628,18232,19736
Minnesota : wind,thousand megawatthours,ELEC.GEN.WND-MN-99.A,897,906,978,812,1582,2055,2639,4355,5053,4792,6726,8176,8259,9691,9779,9933,11137,10714,10965,11831,12271,15091,14398,14781,15399
Minnesota : all utility-scale solar,thousand megawatthours,ELEC.GEN.SUN-MN-99.A,--,--,--,--,--,--,--,--,--,--,--,0,3,3,3,10,596,1042,1249,1634,1893,1901,2094,2285,3165
Minnesota : utility-scale photovoltaic,thousand megawatthours,ELEC.GEN.SPV-MN-99.A,--,--,--,--,--,--,--,--,--,--,--,0,3,3,3,10,596,1042,1249,1634,1893,1901,2094,2285,3165
Minnesota : utility-scale thermal,thousand megawatthours,ELEC.GEN.STH-MN-99.A,--,--,--,--,--,--,--,--,--,--,--,--,--,--,--,--,--,--,--,--,--,--,--,--,--
Minnesota : geothermal,thousand megawatthours,ELEC.GEN.GEO-MN-99.A,--,--,--,--,--,--,--,--,--,--,--,--,--,--,--,--,--,--,--,--,--,--,--,--,--
Minnesota : biomass,thousand megawatthours,ELEC.GEN.BIO-MN-99.A,1080,881,1143,985,1070,1004,1294,1496,1684,1848,1680,1838,1610,1763,1806,1892,1933,1645,1188,1156,1256,1187,1135,1165,1172
Minnesota : wood and wood-derived fuels,thousand megawatthours,ELEC.GEN.WWW-MN-99.A,575,377,657,652,656,590,727,725,796,933,748,839,1036,1149,1177,1218,1296,1113,837,812,942,888,847,880,896
Minnesota : other biomass,thousand megawatthours,ELEC.GEN.WAS-MN-99.A,505,503,486,332,413,414,566,771,887,915,932,999,574,614,629,674,637,531,351,344,314,299,288,285,276
Minnesota : hydro-electric pumped storage,thousand megawatthours,ELEC.GEN.HPS-MN-99.A,--,--,--,--,--,--,--,--,--,--,--,--,--,--,--,--,--,--,--,--,--,--,--,--,--
Minnesota : other,thousand megawatthours,ELEC.GEN.OTH-MN-99.A,282,332,329,292,324,298,325,309,290,258,362,394,361,397,390,407,396,405,355,328,313,308,303,311,288
Minnesota : all solar,thousand megawatthours,ELEC.GEN.TSN-MN-99.A,--,--,--,--,--,--,--,--,--,--,--,--,--,21,28,47,655,1123,1353,1773,2077,2144,2417,2689,3649
Minnesota : small-scale solar photovoltaic,thousand megawatthours,ELEC.GEN.DPV-MN-99.A,--,--,--,--,--,--,--,--,--,--,--,--,--,19,26,37,59,81,104,140,183,243,323,403,484
Minnesota : all utility-scale solar,thousand megawatthours,ELEC.GEN.SUN-MN-99.A,--,--,--,--,--,--,--,--,--,--,--,0,3,3,3,10,596,1042,1249,1634,1893,1901,2094,2285,3165
Minnesota : utility-scale photovoltaic,thousand megawatthours,ELEC.GEN.SPV-MN-99.A,--,--,--,--,--,--,--,--,--,--,--,0,3,3,3,10,596,1042,1249,1634,1893,1901,2094,2285,3165
Minnesota : utility-scale thermal,thousand megawatthours,ELEC.GEN.STH-MN-99.A,--,--,--,--,--,--,--,--,--,--,--,--,--,--,--,--,--,--,--,--,--,--,--,--,--
Missouri,,ELEC.GEN..A,,,,,,,,,,,,,,,,,,,,,,,,,
Missouri : all fuels (utility-scale),thousand megawatthours,ELEC.GEN.ALL-MO-99.A,79545,81162,87225,87633,90828,91686,91153,91029,88354,92313,94876,91804,91627,87834,83640,78612,84607,85095,78279,72568,76941,79361,66703,66876,72093
Missouri : coal,thousand megawatthours,ELEC.GEN.COW-MO-99.A,65749,67435,74212,75024,77437,77450,75084,73532,71611,75047,78316,72775,76105,72409,65326,60322,67519,63355,55686,51756,57858,52832,40347,38832,45941
Missouri : petroleum liquids,thousand megawatthours,ELEC.GEN.PEL-MO-99.A,126,97,107,66,103,61,61,56,57,118,80,78,65,107,99,78,61,100,97,81,259,163,132,148,255
Missouri : petroleum coke,thousand megawatthours,ELEC.GEN.PC-MO-99.A,512,433,50,130,66,0,0,1,30,8,0,0,0,0,--,--,--,--,--,--,--,--,--,--,--
Missouri : natural gas,thousand megawatthours,ELEC.GEN.NG-MO-99.A,3874,3544,2624,2865,3866,3729,4979,5196,3416,4690,4548,6167,4400,4044,4596,6032,5205,7050,7675,7561,6059,8152,9260,9100,9458
Missouri : other gases,thousand megawatthours,ELEC.GEN.OOG-MO-99.A,--,--,2,2,2,5,3,3,7,7,--,--,--,--,--,--,--,--,--,--,--,--,--,--,--
Missouri : nuclear,thousand megawatthours,ELEC.GEN.NUC-MO-99.A,8384,8390,9700,7831,8031,10117,9372,9379,10247,8996,9371,10718,8367,9276,10440,9430,8304,10655,9190,7742,4292,8875,9180,10526,7116
Missouri : conventional hydroelectric,thousand megawatthours,ELEC.GEN.HYC-MO-99.A,1104,1357,652,1480,1159,199,1204,2047,1817,1539,1185,714,1136,697,1595,1268,1182,828,2216,1879,1697,1384,785,1020,1023
Missouri : other renewables,thousand megawatthours,ELEC.GEN.AOR-MO-99.A,9,9,8,10,9,24,29,246,575,988,1240,1299,1241,1255,1179,1293,2233,3059,3078,3571,6774,7790,7049,7103,8181
Missouri : wind,thousand megawatthours,ELEC.GEN.WND-MO-99.A,--,--,--,--,--,--,--,203,499,925,1178,1245,1167,1131,1033,1122,2032,2835,2858,3345,6534,7525,6775,6790,6500
Missouri : all utility-scale solar,thousand megawatthours,ELEC.GEN.SUN-MO-99.A,--,--,--,--,--,--,--,--,--,--,--,--,--,9,17,33,56,91,100,101,116,152,174,208,1589
Missouri : utility-scale photovoltaic,thousand megawatthours,ELEC.GEN.SPV-MO-99.A,--,--,--,--,--,--,--,--,--,--,--,--,--,9,17,33,56,91,100,101,116,152,174,208,1589
Missouri : utility-scale thermal,thousand megawatthours,ELEC.GEN.STH-MO-99.A,--,--,--,--,--,--,--,--,--,--,--,--,--,--,--,--,--,--,--,--,--,--,--,--,--
Missouri : geothermal,thousand megawatthours,ELEC.GEN.GEO-MO-99.A,--,--,--,--,--,--,--,--,--,--,--,--,--,--,--,--,--,--,--,--,--,--,--,--,--
Missouri : biomass,thousand megawatthours,ELEC.GEN.BIO-MO-99.A,9,9,8,10,9,24,29,43,75,62,62,54,74,116,129,139,144,133,120,125,124,113,99,106,92
Missouri : wood and wood-derived fuels,thousand megawatthours,ELEC.GEN.WWW-MO-99.A,--,0,0,0,0,0,0,2,2,0,0,0,8,32,29,47,56,51,44,42,41,43,40,48,43
Missouri : other biomass,thousand megawatthours,ELEC.GEN.WAS-MO-99.A,9,9,8,9,9,24,29,41,73,62,62,54,66,83,100,91,88,82,76,83,83,71,59,58,49
Missouri : hydro-electric pumped storage,thousand megawatthours,ELEC.GEN.HPS-MO-99.A,-266,-159,-254,115,86,48,383,545,567,888,114,33,296,19,348,179,100,47,337,-22,1,165,-49,147,119
Missouri : other,thousand megawatthours,ELEC.GEN.OTH-MO-99.A,54,58,124,110,70,54,37,24,27,32,21,20,16,26,58,9,4,1,0,0,0,0,0,0,0
Missouri : all solar,thousand megawatthours,ELEC.GEN.TSN-MO-99.A,--,--,--,--,--,--,--,--,--,--,--,--,--,122,162,200,261,324,393,461,549,681,867,950,2388
Missouri : small-scale solar photovoltaic,thousand megawatthours,ELEC.GEN.DPV-MO-99.A,--,--,--,--,--,--,--,--,--,--,--,--,--,113,145,167,204,232,293,360,433,528,692,742,800
Missouri : all utility-scale solar,thousand megawatthours,ELEC.GEN.SUN-MO-99.A,--,--,--,--,--,--,--,--,--,--,--,--,--,9,17,33,56,91,100,101,116,152,174,208,1589
Missouri : utility-scale photovoltaic,thousand megawatthours,ELEC.GEN.SPV-MO-99.A,--,--,--,--,--,--,--,--,--,--,--,--,--,9,17,33,56,91,100,101,116,152,174,208,1589
Missouri : utility-scale thermal,thousand megawatthours,ELEC.GEN.STH-MO-99.A,--,--,--,--,--,--,--,--,--,--,--,--,--,--,--,--,--,--,--,--,--,--,--,--,--
Nebraska,,ELEC.GEN..A,,,,,,,,,,,,,,,,,,,,,,,,,
Nebraska : all fuels (utility-scale),thousand megawatthours,ELEC.GEN.ALL-NE-99.A,30485,31618,30456,32009,31465,31670,32443,32374,34002,36630,36095,34217,37105,39431,39883,36525,35407,36966,37298,36849,37911,40693,39446,37229,40207
Nebraska : coal,thousand megawatthours,ELEC.GEN.COW-NE-99.A,20239,19944,20954,20457,20818,20683,19630,21480,23350,23363,25965,25019,26767,24922,24185,21898,21174,23305,20385,18789,18934,19945,17916,16352,18332
Nebraska : petroleum liquids,thousand megawatthours,ELEC.GEN.PEL-NE-99.A,28,21,49,22,31,19,36,35,23,31,37,23,43,43,6,-18,6,12,16,14,55,35,35,48,70
Nebraska : petroleum coke,thousand megawatthours,ELEC.GEN.PC-NE-99.A,--,--,--,--,--,--,--,--,--,--,--,--,--,--,--,--,--,--,--,--,--,--,--,--,--
Nebraska : natural gas,thousand megawatthours,ELEC.GEN.NG-NE-99.A,349,413,381,297,803,759,1110,758,312,375,426,770,437,406,431,538,629,965,1277,1209,1173,1260,1411,1381,1585
Nebraska : other gases,thousand megawatthours,ELEC.GEN.OOG-NE-99.A,--,0,0,0,0,0,0,0,--,--,--,--,--,--,--,--,--,--,--,--,--,--,--,--,--
Nebraska : nuclear,thousand megawatthours,ELEC.GEN.NUC-NE-99.A,8726,10122,7997,10241,8802,9003,11042,9479,9435,11054,6933,5802,6865,10102,10325,9351,6913,5632,6952,6189,6881,5619,6926,6096,6922
Nebraska : conventional hydroelectric,thousand megawatthours,ELEC.GEN.HYC-NE-99.A,1124,1097,980,913,871,893,347,346,434,1314,1617,1257,1124,1158,1685,856,1489,1382,1340,1390,1123,1057,1143,1183,1265
Nebraska : other renewables,thousand megawatthours,ELEC.GEN.AOR-NE-99.A,19,21,95,78,139,313,278,275,449,493,1116,1347,1869,2801,3251,3900,5197,5670,7327,9259,9745,12776,12015,12169,12033
Nebraska : wind,thousand megawatthours,ELEC.GEN.WND-NE-99.A,3,8,38,38,97,261,217,214,383,422,1051,1284,1802,2737,3180,3798,5084,5549,7211,9115,9592,12614,11845,11891,11706
Nebraska : all utility-scale solar,thousand megawatthours,ELEC.GEN.SUN-NE-99.A,--,--,--,--,--,--,--,--,--,--,--,--,--,--,--,4,15,27,32,54,61,74,79,196,255
Nebraska : utility-scale photovoltaic,thousand megawatthours,ELEC.GEN.SPV-NE-99.A,--,--,--,--,--,--,--,--,--,--,--,--,--,--,--,4,15,27,31,54,61,74,79,196,255
Nebraska : utility-scale thermal,thousand megawatthours,ELEC.GEN.STH-NE-99.A,--,--,--,--,--,--,--,--,--,--,--,--,--,--,--,--,--,--,0,--,--,--,--,--,--
Nebraska : geothermal,thousand megawatthours,ELEC.GEN.GEO-NE-99.A,--,--,--,--,--,--,--,--,--,--,--,--,--,--,--,--,--,--,--,--,--,--,--,--,--
Nebraska : biomass,thousand megawatthours,ELEC.GEN.BIO-NE-99.A,17,13,56,40,43,52,61,61,66,72,65,63,67,64,71,98,97,93,85,90,92,89,90,82,73
Nebraska : wood and wood-derived fuels,thousand megawatthours,ELEC.GEN.WWW-NE-99.A,--,--,--,--,--,--,--,--,--,--,--,--,0,0,0,0,0,0,0,0,0,0,0,0,0
Nebraska : other biomass,thousand megawatthours,ELEC.GEN.WAS-NE-99.A,17,13,56,40,43,52,61,61,66,72,65,63,67,64,71,98,97,93,85,90,92,89,90,82,73
Nebraska : hydro-electric pumped storage,thousand megawatthours,ELEC.GEN.HPS-NE-99.A,--,--,--,--,--,--,--,--,--,--,--,--,--,--,--,--,--,--,--,--,--,--,--,--,--
Nebraska : other,thousand megawatthours,ELEC.GEN.OTH-NE-99.A,0,0,0,0,--,--,--,--,--,--,--,--,0,0,0,0,0,0,0,0,0,0,0,0,0
Nebraska : all solar,thousand megawatthours,ELEC.GEN.TSN-NE-99.A,--,--,--,--,--,--,--,--,--,--,--,--,--,1,1,7,21,38,47,74,86,110,129,254,318
Nebraska : small-scale solar photovoltaic,thousand megawatthours,ELEC.GEN.DPV-NE-99.A,--,--,--,--,--,--,--,--,--,--,--,--,--,1,1,3,5,11,15,20,25,36,49,57,63
Nebraska : all utility-scale solar,thousand megawatthours,ELEC.GEN.SUN-NE-99.A,--,--,--,--,--,--,--,--,--,--,--,--,--,--,--,4,15,27,32,54,61,74,79,196,255
Nebraska : utility-scale photovoltaic,thousand megawatthours,ELEC.GEN.SPV-NE-99.A,--,--,--,--,--,--,--,--,--,--,--,--,--,--,--,4,15,27,31,54,61,74,79,196,255
Nebraska : utility-scale thermal,thousand megawatthours,ELEC.GEN.STH-NE-99.A,--,--,--,--,--,--,--,--,--,--,--,--,--,--,--,--,--,--,0,--,--,--,--,--,--
North Dakota,,ELEC.GEN..A,,,,,,,,,,,,,,,,,,,,,,,,,
North Dakota : all fuels (utility-scale),thousand megawatthours,ELEC.GEN.ALL-ND-99.A,30332,31306,31322,29936,31933,30881,31224,32735,34196,34740,35080,36125,35022,36463,37157,37856,41505,42615,41147,42176,43032,44401,42069,42557,42519
North Dakota : coal,thousand megawatthours,ELEC.GEN.COW-ND-99.A,28877,29612,29427,28064,30259,28879,29164,29672,29607,28462,27109,28214,27478,27394,27734,26580,26756,27541,25151,24497,24403,24831,22525,23183,22578
North Dakota : petroleum liquids,thousand megawatthours,ELEC.GEN.PEL-ND-99.A,48,39,52,38,34,42,51,49,45,38,42,33,33,26,26,30,36,38,34,31,33,29,53,44,31
North Dakota : petroleum coke,thousand megawatthours,ELEC.GEN.PC-ND-99.A,--,--,--,--,--,--,--,--,--,--,--,--,--,--,--,--,--,--,--,--,--,--,--,--,0
North Dakota : natural gas,thousand megawatthours,ELEC.GEN.NG-ND-99.A,3,8,9,9,8,7,17,0,17,16,20,22,54,234,711,1071,676,1019,1471,1488,1578,1453,2833,2442,2268
North Dakota : other gases,thousand megawatthours,ELEC.GEN.OOG-ND-99.A,65,55,50,58,59,59,53,0,44,36,39,35,42,40,39,40,42,51,50,38,38,31,23,28,35
North Dakota : nuclear,thousand megawatthours,ELEC.GEN.NUC-ND-99.A,--,--,--,--,--,--,--,--,--,--,--,--,--,--,--,--,--,--,--,--,--,--,--,--,--
North Dakota : conventional hydroelectric,thousand megawatthours,ELEC.GEN.HYC-ND-99.A,1332,1593,1724,1546,1342,1521,1305,1253,1475,2042,2580,2477,1852,2531,2094,1912,2582,3180,3179,2450,1989,1791,2119,2061,2194
North Dakota : other renewables,thousand megawatthours,ELEC.GEN.AOR-ND-99.A,8,0,59,220,230,373,634,1706,3009,4108,5245,5280,5524,6205,6509,8178,11361,10734,11213,13634,14937,16250,14477,14763,15378
North Dakota : wind,thousand megawatthours,ELEC.GEN.WND-ND-99.A,--,--,59,215,220,369,621,1693,2998,4096,5236,5275,5519,6202,6506,8172,11359,10733,11213,13634,14935,16250,14477,14763,15378
North Dakota : all utility-scale solar,thousand megawatthours,ELEC.GEN.SUN-ND-99.A,--,--,--,--,--,--,--,--,--,--,--,--,--,--,--,--,--,--,--,--,--,--,--,--,--
North Dakota : utility-scale photovoltaic,thousand megawatthours,ELEC.GEN.SPV-ND-99.A,--,--,--,--,--,--,--,--,--,--,--,--,--,--,--,--,--,--,--,--,--,--,--,--,--
North Dakota : utility-scale thermal,thousand megawatthours,ELEC.GEN.STH-ND-99.A,--,--,--,--,--,--,--,--,--,--,--,--,--,--,--,--,--,--,--,--,--,--,--,--,--
North Dakota : geothermal,thousand megawatthours,ELEC.GEN.GEO-ND-99.A,--,--,--,--,--,--,--,--,--,--,--,--,--,--,--,--,--,--,--,--,--,--,--,--,--
North Dakota : biomass,thousand megawatthours,ELEC.GEN.BIO-ND-99.A,8,0,1,6,10,4,14,13,12,12,10,6,5,3,4,6,2,1,0,1,2,0,0,0,0
North Dakota : wood and wood-derived fuels,thousand megawatthours,ELEC.GEN.WWW-ND-99.A,--,--,--,--,--,--,--,--,--,--,--,--,--,--,--,--,--,--,--,--,--,--,--,--,--
North Dakota : other biomass,thousand megawatthours,ELEC.GEN.WAS-ND-99.A,8,0,1,6,10,4,14,13,12,12,10,6,5,3,4,6,2,1,0,1,2,0,0,0,0
North Dakota : hydro-electric pumped storage,thousand megawatthours,ELEC.GEN.HPS-ND-99.A,--,--,--,--,--,--,--,--,--,--,--,--,--,--,--,--,--,--,--,--,--,--,--,--,--
North Dakota : other,thousand megawatthours,ELEC.GEN.OTH-ND-99.A,--,--,--,0,--,--,1,54,0,37,44,64,38,31,42,45,51,52,50,38,54,15,38,38,36
North Dakota : all solar,thousand megawatthours,ELEC.GEN.TSN-ND-99.A,--,--,--,--,--,--,--,--,--,--,--,--,--,0,0,0,0,0,1,1,1,2,2,3,3
North Dakota : small-scale solar photovoltaic,thousand megawatthours,ELEC.GEN.DPV-ND-99.A,--,--,--,--,--,--,--,--,--,--,--,--,--,0,0,0,0,0,1,1,1,2,2,3,3
North Dakota : all utility-scale solar,thousand megawatthours,ELEC.GEN.SUN-ND-99.A,--,--,--,--,--,--,--,--,--,--,--,--,--,--,--,--,--,--,--,--,--,--,--,--,--
North Dakota : utility-scale photovoltaic,thousand megawatthours,ELEC.GEN.SPV-ND-99.A,--,--,--,--,--,--,--,--,--,--,--,--,--,--,--,--,--,--,--,--,--,--,--,--,--
North Dakota : utility-scale thermal,thousand megawatthours,ELEC.GEN.STH-ND-99.A,--,--,--,--,--,--,--,--,--,--,--,--,--,--,--,--,--,--,--,--,--,--,--,--,--
South Dakota,,ELEC.GEN..A,,,,,,,,,,,,,,,,,,,,,,,,,
South Dakota : all fuels (utility-scale),thousand megawatthours,ELEC.GEN.ALL-SD-99.A,7401,7722,7944,7510,6521,7132,6137,7083,8197,10050,11999,11473,10109,10995,9633,11524,10936,12616,14507,14147,17322,17900,17436,20872,22185
South Dakota : coal,thousand megawatthours,ELEC.GEN.COW-SD-99.A,3612,3272,3431,3620,2996,3316,2655,3660,3217,3298,2586,2919,2849,2689,1495,2083,2062,2339,2617,1648,1638,1875,1563,1563,2026
South Dakota : petroleum liquids,thousand megawatthours,ELEC.GEN.PEL-SD-99.A,52,5,16,23,21,5,63,23,8,6,8,6,7,7,17,3,3,6,14,7,38,17,23,16,NM
South Dakota : petroleum coke,thousand megawatthours,ELEC.GEN.PC-SD-99.A,--,--,--,--,--,--,--,--,--,--,--,--,--,--,--,--,--,--,--,--,--,--,--,--,--
South Dakota : natural gas,thousand megawatthours,ELEC.GEN.NG-SD-99.A,305,86,176,112,271,266,351,229,80,135,129,214,502,465,773,919,654,1168,1170,1102,1312,1424,2116,2261,2141
South Dakota : other gases,thousand megawatthours,ELEC.GEN.OOG-SD-99.A,--,--,--,--,--,--,--,--,--,--,--,--,--,--,--,--,--,--,--,--,--,0,0,0,0
South Dakota : nuclear,thousand megawatthours,ELEC.GEN.NUC-SD-99.A,--,--,--,--,--,--,--,--,--,--,--,--,--,--,--,--,--,--,--,--,--,--,--,--,--
South Dakota : conventional hydroelectric,thousand megawatthours,ELEC.GEN.HYC-SD-99.A,3432,4354,4276,3598,3075,3397,2917,2993,4432,5239,6608,5981,4063,5498,4850,4806,5256,6266,7915,5831,4983,4259,4296,4601,4868
South Dakota : other renewables,thousand megawatthours,ELEC.GEN.AOR-SD-99.A,1,6,44,158,158,149,150,147,427,1372,2668,2354,2688,2336,2498,3715,2960,2837,2791,5558,9351,10326,9439,12432,13137
South Dakota : wind,thousand megawatthours,ELEC.GEN.WND-SD-99.A,1,6,44,158,158,149,150,145,421,1372,2668,2354,2688,2336,2498,3714,2958,2835,2789,5544,9327,10295,9376,12074,12681
South Dakota : all utility-scale solar,thousand megawatthours,ELEC.GEN.SUN-SD-99.A,--,--,--,--,--,--,--,--,--,--,--,--,--,--,--,0,2,2,2,2,2,2,47,338,437
South Dakota : utility-scale photovoltaic,thousand megawatthours,ELEC.GEN.SPV-SD-99.A,--,--,--,--,--,--,--,--,--,--,--,--,--,--,--,0,2,2,2,2,2,2,47,338,437
South Dakota : utility-scale thermal,thousand megawatthours,ELEC.GEN.STH-SD-99.A,--,--,--,--,--,--,--,--,--,--,--,--,--,--,--,--,--,--,--,--,--,--,--,--,--
South Dakota : geothermal,thousand megawatthours,ELEC.GEN.GEO-SD-99.A,--,--,--,--,--,--,--,--,--,--,--,--,--,--,--,--,--,--,--,--,--,--,--,--,--
South Dakota : biomass,thousand megawatthours,ELEC.GEN.BIO-SD-99.A,--,--,--,--,--,--,--,2,6,0,0,0,0,0,0,0,0,0,0,12,23,29,17,20,NM
South Dakota : wood and wood-derived fuels,thousand megawatthours,ELEC.GEN.WWW-SD-99.A,--,--,--,--,--,--,--,--,--,--,--,--,--,--,--,--,--,--,0,10,22,24,16,19,18
South Dakota : other biomass,thousand megawatthours,ELEC.GEN.WAS-SD-99.A,--,--,--,--,--,--,--,2,6,0,0,0,0,0,0,0,0,0,0,1,1,5,1,1,NM
South Dakota : hydro-electric pumped storage,thousand megawatthours,ELEC.GEN.HPS-SD-99.A,--,--,--,--,--,--,--,--,--,--,--,--,--,--,--,--,--,--,--,--,--,--,--,--,--
South Dakota : other,thousand megawatthours,ELEC.GEN.OTH-SD-99.A,--,--,--,0,0,0,0,31,31,0,0,0,0,0,0,0,--,0,0,0,0,0,0,0,0
South Dakota : all solar,thousand megawatthours,ELEC.GEN.TSN-SD-99.A,--,--,--,--,--,--,--,--,--,--,--,--,--,0,1,1,3,3,3,4,4,4,50,346,447
South Dakota : small-scale solar photovoltaic,thousand megawatthours,ELEC.GEN.DPV-SD-99.A,--,--,--,--,--,--,--,--,--,--,--,--,--,0,1,1,1,1,1,2,2,2,4,7,10
South Dakota : all utility-scale solar,thousand megawatthours,ELEC.GEN.SUN-SD-99.A,--,--,--,--,--,--,--,--,--,--,--,--,--,--,--,0,2,2,2,2,2,2,47,338,437
South Dakota : utility-scale photovoltaic,thousand megawatthours,ELEC.GEN.SPV-SD-99.A,--,--,--,--,--,--,--,--,--,--,--,--,--,--,--,0,2,2,2,2,2,2,47,338,437
South Dakota : utility-scale thermal,thousand megawatthours,ELEC.GEN.STH-SD-99.A,--,--,--,--,--,--,--,--,--,--,--,--,--,--,--,--,--,--,--,--,--,--,--,--,--
South Atlantic,,ELEC.GEN..A,,,,,,,,,,,,,,,,,,,,,,,,,
South Atlantic : all fuels (utility-scale),thousand megawatthours,ELEC.GEN.ALL-SAT-99.A,727852,775207,787773,797795,822781,809350,835190,800786,754700,802695,762286,747508,760976,784957,792087,813880,792859,819993,811088,795002,802487,807112,800717,--,--
South Atlantic : coal,thousand megawatthours,ELEC.GEN.COW-SAT-99.A,402178,420099,422049,416453,428803,427025,442379,421044,343731,372661,324436,266385,268583,292303,242400,238077,210560,195286,159468,121205,141421,120035,105731,--,--
South Atlantic : petroleum liquids,thousand megawatthours,ELEC.GEN.PEL-SAT-99.A,49968,37971,44463,41924,40228,18607,20176,11382,8800,8560,2936,1756,1562,3427,2992,2134,1707,3398,1175,931,1313,2391,942,--,--
South Atlantic : petroleum coke,thousand megawatthours,ELEC.GEN.PC-SAT-99.A,3338,5391,6567,7618,8884,7628,5126,3816,3772,3713,2313,950,2270,1549,1681,2146,1091,1662,1341,1610,907,963,1036,--,--
South Atlantic : natural gas,thousand megawatthours,ELEC.GEN.NG-SAT-99.A,57954,86398,83370,98658,113999,128929,142243,139429,168915,194794,212696,262975,250918,251545,305242,322338,329079,359797,385449,398671,384065,405126,406806,--,--
South Atlantic : other gases,thousand megawatthours,ELEC.GEN.OOG-SAT-99.A,688,840,694,864,940,1312,1170,874,539,263,400,394,190,264,272,307,310,283,236,192,195,234,204,--,--
South Atlantic : nuclear,thousand megawatthours,ELEC.GEN.NUC-SAT-99.A,192326,197239,194067,199150,196034,195617,196701,197973,196560,190741,187696,184645,197513,198388,199917,206905,205235,202708,205228,204546,203921,204864,209922,--,--
South Atlantic : conventional hydroelectric,thousand megawatthours,ELEC.GEN.HYC-SAT-99.A,9715,11377,21054,17249,17268,13446,11086,10741,15984,15167,13545,11667,18748,14414,14701,14692,13021,19992,18741,22034,17397,14839,14291,--,--
South Atlantic : other renewables,thousand megawatthours,ELEC.GEN.AOR-SAT-99.A,11574,15759,13950,14374,14496,14747,14771,14689,14642,15494,16621,17334,19023,21502,23017,25689,31101,34921,37353,43553,51215,58161,60851,--,--
South Atlantic : wind,thousand megawatthours,ELEC.GEN.WND-SAT-99.A,--,9,170,161,154,174,168,392,742,943,1378,1611,1713,1780,1816,1971,2719,2888,2680,2995,2711,3106,3151,--,--
South Atlantic : all utility-scale solar,thousand megawatthours,ELEC.GEN.SUN-SAT-99.A,0,0,--,--,--,--,--,2,14,92,154,381,677,1242,1898,4812,8687,12238,15878,22250,30295,37400,42375,--,--
South Atlantic : utility-scale photovoltaic,thousand megawatthours,ELEC.GEN.SPV-SAT-99.A,--,--,--,--,--,--,--,2,14,92,125,293,576,1118,1792,4736,8665,12187,15850,22220,30266,37372,42375,--,--
South Atlantic : utility-scale thermal,thousand megawatthours,ELEC.GEN.STH-SAT-99.A,--,--,--,--,--,--,--,--,--,--,29,88,102,124,106,75,22,51,28,30,29,28,0,--,--
South Atlantic : geothermal,thousand megawatthours,ELEC.GEN.GEO-SAT-99.A,--,--,--,--,--,--,--,--,--,--,--,--,--,--,--,--,--,--,--,--,--,--,--,--,--
South Atlantic : biomass,thousand megawatthours,ELEC.GEN.BIO-SAT-99.A,11574,15750,13781,14213,14342,14574,14604,14295,13886,14459,15089,15342,16633,18479,19303,18907,19695,19794,18795,18308,18209,17655,15325,--,--
South Atlantic : wood and wood-derived fuels,thousand megawatthours,ELEC.GEN.WWW-SAT-99.A,8472,12274,10169,10566,10661,10880,10768,10239,9950,10260,10795,10963,11851,13465,14111,13541,14257,14373,13992,13624,13647,13497,11299,--,--
South Atlantic : other biomass,thousand megawatthours,ELEC.GEN.WAS-SAT-99.A,3101,3476,3612,3647,3681,3693,3836,4056,3935,4199,4294,4379,4782,5014,5192,5366,5437,5421,4803,4684,4563,4158,4026,--,--
South Atlantic : hydro-electric pumped storage,thousand megawatthours,ELEC.GEN.HPS-SAT-99.A,-3846,-3755,-3222,-3115,-2682,-2556,-3016,-3182,-1996,-2703,-3093,-3099,-2411,-2882,-2755,-3132,-3550,-2485,-2612,-2135,-1941,-3015,-2573,--,--
South Atlantic : other,thousand megawatthours,ELEC.GEN.OTH-SAT-99.A,3956,3888,4780,4620,4812,4595,4554,4021,3752,4004,4735,4501,4580,4448,4621,4724,4305,4432,4708,4396,3994,3514,3508,--,--
South Atlantic : all solar,thousand megawatthours,ELEC.GEN.TSN-SAT-99.A,--,--,--,--,--,--,--,--,--,--,--,--,--,1919,2733,6080,10482,14520,18803,25898,34909,43481,50516,--,--
South Atlantic : small-scale solar photovoltaic,thousand megawatthours,ELEC.GEN.DPV-SAT-99.A,--,--,--,--,--,--,--,--,--,--,--,--,--,676,834,1268,1795,2282,2925,3648,4614,6081,8141,--,--
South Atlantic : all utility-scale solar,thousand megawatthours,ELEC.GEN.SUN-SAT-99.A,0,0,--,--,--,--,--,2,14,92,154,381,677,1242,1898,4812,8687,12238,15878,22250,30295,37400,42375,--,--
South Atlantic : utility-scale photovoltaic,thousand megawatthours,ELEC.GEN.SPV-SAT-99.A,--,--,--,--,--,--,--,2,14,92,125,293,576,1118,1792,4736,8665,12187,15850,22220,30266,37372,42375,--,--
South Atlantic : utility-scale thermal,thousand megawatthours,ELEC.GEN.STH-SAT-99.A,--,--,--,--,--,--,--,--,--,--,29,88,102,124,106,75,22,51,28,30,29,28,0,--,--
Delaware,,ELEC.GEN..A,,,,,,,,,,,,,,,,,,,,,,,,,
Delaware : all fuels (utility-scale),thousand megawatthours,ELEC.GEN.ALL-DE-99.A,6808,6002,7392,7856,8137,7182,8534,7524,4842,5628,6590,8634,7761,7704,7810,8731,7496,6241,5259,5205,4305,5308,4772,4799,5342
Delaware : coal,thousand megawatthours,ELEC.GEN.COW-DE-99.A,3369,3464,4026,4744,4833,4969,5622,5267,2848,2568,1455,1423,1545,865,599,479,359,273,119,102,277,105,-6,144,253
Delaware : petroleum liquids,thousand megawatthours,ELEC.GEN.PEL-DE-99.A,1682,898,1649,1104,1220,132,241,219,258,56,38,22,23,183,154,63,25,201,19,8,17,108,-2,18,103
Delaware : petroleum coke,thousand megawatthours,ELEC.GEN.PC-DE-99.A,24,52,68,0,0,0,0,0,0,0,0,0,0,0,0,0,0,0,0,0,0,0,0,0,0
Delaware : natural gas,thousand megawatthours,ELEC.GEN.NG-DE-99.A,1575,1443,1464,1718,1591,1171,1902,1387,1376,2865,4731,6815,5931,6297,6689,7787,6723,5400,4806,4818,3734,4750,4383,4206,4556
Delaware : other gases,thousand megawatthours,ELEC.GEN.OOG-DE-99.A,157,146,185,290,493,910,721,476,227,0,208,244,155,226,238,277,271,252,194,146,142,198,172,221,207
Delaware : nuclear,thousand megawatthours,ELEC.GEN.NUC-DE-99.A,--,--,--,--,--,--,--,--,--,--,--,--,--,--,--,--,--,--,--,--,--,--,--,--,--
Delaware : conventional hydroelectric,thousand megawatthours,ELEC.GEN.HYC-DE-99.A,--,--,--,--,--,--,--,--,--,--,--,--,--,--,--,--,--,--,--,--,--,--,--,--,--
Delaware : other renewables,thousand megawatthours,ELEC.GEN.AOR-DE-99.A,--,--,--,--,--,0,48,163,126,138,158,131,107,131,130,124,118,114,120,131,136,147,226,210,223
Delaware : wind,thousand megawatthours,ELEC.GEN.WND-DE-99.A,--,--,--,--,--,--,--,--,--,3,5,4,4,5,5,5,5,5,5,5,5,4,4,3,5
Delaware : all utility-scale solar,thousand megawatthours,ELEC.GEN.SUN-DE-99.A,--,--,--,--,--,--,--,--,--,--,8,23,45,50,49,51,50,50,54,54,57,64,155,166,180
Delaware : utility-scale photovoltaic,thousand megawatthours,ELEC.GEN.SPV-DE-99.A,--,--,--,--,--,--,--,--,--,--,8,23,45,50,49,51,50,50,54,54,57,64,155,166,180
Delaware : utility-scale thermal,thousand megawatthours,ELEC.GEN.STH-DE-99.A,--,--,--,--,--,--,--,--,--,--,--,--,--,--,--,--,--,--,--,--,--,--,--,--,--
Delaware : geothermal,thousand megawatthours,ELEC.GEN.GEO-DE-99.A,--,--,--,--,--,--,--,--,--,--,--,--,--,--,--,--,--,--,--,--,--,--,--,--,--
Delaware : biomass,thousand megawatthours,ELEC.GEN.BIO-DE-99.A,--,--,--,--,--,0,48,163,126,136,145,105,57,76,76,68,63,59,61,72,74,79,66,42,38
Delaware : wood and wood-derived fuels,thousand megawatthours,ELEC.GEN.WWW-DE-99.A,--,--,--,--,--,--,--,--,--,--,--,--,--,--,--,--,--,--,--,--,--,--,--,--,--
Delaware : other biomass,thousand megawatthours,ELEC.GEN.WAS-DE-99.A,--,--,--,--,--,0,48,163,126,136,145,105,57,76,76,68,63,59,61,72,74,79,66,42,38
Delaware : hydro-electric pumped storage,thousand megawatthours,ELEC.GEN.HPS-DE-99.A,--,--,--,--,--,--,--,--,--,--,--,--,--,--,--,--,--,--,--,--,--,--,--,--,--
Delaware : other,thousand megawatthours,ELEC.GEN.OTH-DE-99.A,--,--,--,--,--,--,--,11,6,0,0,--,--,--,--,--,--,--,--,--,--,--,--,--,--
Delaware : all solar,thousand megawatthours,ELEC.GEN.TSN-DE-99.A,--,--,--,--,--,--,--,--,--,--,--,--,--,121,128,119,143,160,178,183,196,222,344,369,405
Delaware : small-scale solar photovoltaic,thousand megawatthours,ELEC.GEN.DPV-DE-99.A,--,--,--,--,--,--,--,--,--,--,--,--,--,71,79,67,92,110,124,128,139,158,189,203,225
Delaware : all utility-scale solar,thousand megawatthours,ELEC.GEN.SUN-DE-99.A,--,--,--,--,--,--,--,--,--,--,8,23,45,50,49,51,50,50,54,54,57,64,155,166,180
Delaware : utility-scale photovoltaic,thousand megawatthours,ELEC.GEN.SPV-DE-99.A,--,--,--,--,--,--,--,--,--,--,8,23,45,50,49,51,50,50,54,54,57,64,155,166,180
Delaware : utility-scale thermal,thousand megawatthours,ELEC.GEN.STH-DE-99.A,--,--,--,--,--,--,--,--,--,--,--,--,--,--,--,--,--,--,--,--,--,--,--,--,--
District Of Columbia,,ELEC.GEN..A,,,,,,,,,,,,,,,,,,,,,,,,,
District Of Columbia : all fuels (utility-scale),thousand megawatthours,ELEC.GEN.ALL-DC-99.A,123,262,74,36,226,81,75,72,35,200,201,72,66,68,54,76,67,79,174,201,211,160,172,187,190
District Of Columbia : coal,thousand megawatthours,ELEC.GEN.COW-DC-99.A,--,--,--,--,--,--,--,--,--,--,--,--,--,--,--,--,--,--,--,--,--,--,--,--,--
District Of Columbia : petroleum liquids,thousand megawatthours,ELEC.GEN.PEL-DC-99.A,123,262,74,36,226,81,75,72,35,200,130,9,0,0,0,1,0,0,0,0,0,0,0,0,NM
District Of Columbia : petroleum coke,thousand megawatthours,ELEC.GEN.PC-DC-99.A,--,--,--,--,--,--,--,--,--,--,--,--,--,--,--,--,--,--,--,--,--,--,--,--,--
District Of Columbia : natural gas,thousand megawatthours,ELEC.GEN.NG-DC-99.A,--,--,--,--,--,--,--,--,--,--,71,62,66,68,23,23,20,23,110,134,137,80,89,100,88
District Of Columbia : other gases,thousand megawatthours,ELEC.GEN.OOG-DC-99.A,--,--,--,--,--,--,--,--,--,--,--,--,--,--,--,--,--,--,--,--,--,--,--,--,--
District Of Columbia : nuclear,thousand megawatthours,ELEC.GEN.NUC-DC-99.A,--,--,--,--,--,--,--,--,--,--,--,--,--,--,--,--,--,--,--,--,--,--,--,--,--
District Of Columbia : conventional hydroelectric,thousand megawatthours,ELEC.GEN.HYC-DC-99.A,--,--,--,--,--,--,--,--,--,--,--,--,--,--,--,--,--,--,--,--,--,--,--,--,--
District Of Columbia : other renewables,thousand megawatthours,ELEC.GEN.AOR-DC-99.A,--,--,--,--,--,--,--,--,--,--,--,--,--,--,31,53,47,57,64,68,74,80,83,88,101
District Of Columbia : wind,thousand megawatthours,ELEC.GEN.WND-DC-99.A,--,--,--,--,--,--,--,--,--,--,--,--,--,--,--,--,--,--,--,--,--,--,--,--,--
District Of Columbia : all utility-scale solar,thousand megawatthours,ELEC.GEN.SUN-DC-99.A,--,--,--,--,--,--,--,--,--,--,--,--,--,--,--,--,--,--,9,13,18,22,25,32,51
District Of Columbia : utility-scale photovoltaic,thousand megawatthours,ELEC.GEN.SPV-DC-99.A,--,--,--,--,--,--,--,--,--,--,--,--,--,--,--,--,--,--,9,13,18,22,25,32,51
District Of Columbia : utility-scale thermal,thousand megawatthours,ELEC.GEN.STH-DC-99.A,--,--,--,--,--,--,--,--,--,--,--,--,--,--,--,--,--,--,--,--,--,--,--,--,--
District Of Columbia : geothermal,thousand megawatthours,ELEC.GEN.GEO-DC-99.A,--,--,--,--,--,--,--,--,--,--,--,--,--,--,--,--,--,--,--,--,--,--,--,--,--
District Of Columbia : biomass,thousand megawatthours,ELEC.GEN.BIO-DC-99.A,--,--,--,--,--,--,--,--,--,--,--,--,--,--,31,53,47,57,55,55,56,58,58,56,50
District Of Columbia : wood and wood-derived fuels,thousand megawatthours,ELEC.GEN.WWW-DC-99.A,--,--,--,--,--,--,--,--,--,--,--,--,--,--,--,--,--,--,--,--,--,--,--,--,--
District Of Columbia : other biomass,thousand megawatthours,ELEC.GEN.WAS-DC-99.A,--,--,--,--,--,--,--,--,--,--,--,--,--,--,31,53,47,57,55,55,56,58,58,56,50
District Of Columbia : hydro-electric pumped storage,thousand megawatthours,ELEC.GEN.HPS-DC-99.A,--,--,--,--,--,--,--,--,--,--,--,--,--,--,--,--,--,--,--,--,--,--,--,--,--
District Of Columbia : other,thousand megawatthours,ELEC.GEN.OTH-DC-99.A,--,--,--,--,--,--,--,--,--,--,--,--,--,--,--,--,--,--,--,--,--,--,--,--,--
District Of Columbia : all solar,thousand megawatthours,ELEC.GEN.TSN-DC-99.A,--,--,--,--,--,--,--,--,--,--,--,--,--,31,32,32,52,71,103,131,166,198,231,289,383
District Of Columbia : small-scale solar photovoltaic,thousand megawatthours,ELEC.GEN.DPV-DC-99.A,--,--,--,--,--,--,--,--,--,--,--,--,--,31,32,32,52,71,94,119,148,176,206,257,332
District Of Columbia : all utility-scale solar,thousand megawatthours,ELEC.GEN.SUN-DC-99.A,--,--,--,--,--,--,--,--,--,--,--,--,--,--,--,--,--,--,9,13,18,22,25,32,51
District Of Columbia : utility-scale photovoltaic,thousand megawatthours,ELEC.GEN.SPV-DC-99.A,--,--,--,--,--,--,--,--,--,--,--,--,--,--,--,--,--,--,9,13,18,22,25,32,51
District Of Columbia : utility-scale thermal,thousand megawatthours,ELEC.GEN.STH-DC-99.A,--,--,--,--,--,--,--,--,--,--,--,--,--,--,--,--,--,--,--,--,--,--,--,--,--
Florida,,ELEC.GEN..A,,,,,,,,,,,,,,,,,,,,,,,,,
Florida : all fuels (utility-scale),thousand megawatthours,ELEC.GEN.ALL-FL-99.A,190945,203353,212610,218118,220256,223752,225416,219637,217952,229096,221895,221096,222399,230016,237413,238262,238413,244252,245603,250828,247907,258910,259798,266119,267804
Florida : coal,thousand megawatthours,ELEC.GEN.COW-FL-99.A,68228,65926,67675,64862,62515,65423,67908,64823,54003,59897,51991,44286,46343,52054,42904,39429,37513,30272,21248,16598,18385,15532,11691,7846,10185
Florida : petroleum liquids,thousand megawatthours,ELEC.GEN.PEL-FL-99.A,37676,28875,31267,30672,29158,15875,15633,8676,6314,5922,1383,720,498,527,582,772,512,572,324,231,353,487,220,168,204
Florida : petroleum coke,thousand megawatthours,ELEC.GEN.PC-FL-99.A,2904,4807,5938,6583,8043,7029,4570,3295,2907,3200,1898,646,2063,1351,1568,2048,951,1506,1201,1471,809,832,982,646,1014
Florida : natural gas,thousand megawatthours,ELEC.GEN.NG-FL-99.A,43570,63164,68293,76577,83595,96186,100307,103363,118322,128634,136364,149700,138966,140034,155824,158495,161105,171872,182007,189420,182620,193310,197191,204507,195311
Florida : other gases,thousand megawatthours,ELEC.GEN.OOG-FL-99.A,1,13,11,15,13,17,15,10,7,8,6,6,5,7,5,5,5,5,0,0,0,0,0,0,0
Florida : nuclear,thousand megawatthours,ELEC.GEN.NUC-FL-99.A,31583,33704,30979,31216,28759,31426,29289,32133,29118,23936,22015,17870,26526,27868,28122,29320,29146,29312,29108,29419,29515,30768,29940,29054,30588
Florida : conventional hydroelectric,thousand megawatthours,ELEC.GEN.HYC-FL-99.A,148,184,263,265,266,203,154,206,208,177,182,151,254,211,244,175,218,233,210,232,252,231,224,177,165
Florida : other renewables,thousand megawatthours,ELEC.GEN.AOR-FL-99.A,3790,3740,4474,4502,4327,4331,4303,4303,4340,4487,4670,4524,4659,5073,5143,4867,5886,7497,8351,10535,13277,15348,17183,21615,28185
Florida : wind,thousand megawatthours,ELEC.GEN.WND-FL-99.A,--,--,--,--,--,--,--,--,--,--,--,--,--,--,--,--,--,--,--,--,--,--,--,--,--
Florida : all utility-scale solar,thousand megawatthours,ELEC.GEN.SUN-FL-99.A,--,--,--,--,--,--,--,--,9,80,126,194,210,242,224,224,876,2412,3901,6510,9049,11342,14059,18649,24925
Florida : utility-scale photovoltaic,thousand megawatthours,ELEC.GEN.SPV-FL-99.A,--,--,--,--,--,--,--,--,9,80,97,105,108,117,118,149,855,2361,3873,6480,9020,11314,14059,18649,24925
Florida : utility-scale thermal,thousand megawatthours,ELEC.GEN.STH-FL-99.A,--,--,--,--,--,--,--,--,--,--,29,88,102,124,106,75,22,51,28,30,29,28,0,0,0
Florida : geothermal,thousand megawatthours,ELEC.GEN.GEO-FL-99.A,--,--,--,--,--,--,--,--,--,--,--,--,--,--,--,--,--,--,--,--,--,--,--,--,--
Florida : biomass,thousand megawatthours,ELEC.GEN.BIO-FL-99.A,3790,3740,4474,4502,4327,4331,4303,4303,4331,4406,4544,4330,4449,4831,4919,4643,5009,5084,4449,4025,4228,4006,3124,2965,3260
Florida : wood and wood-derived fuels,thousand megawatthours,ELEC.GEN.WWW-FL-99.A,1828,1553,2210,2216,2022,1979,1930,1969,1954,2019,2209,2058,2139,2540,2418,1972,2224,2515,2293,1955,2147,2070,1309,1278,1494
Florida : other biomass,thousand megawatthours,ELEC.GEN.WAS-FL-99.A,1962,2187,2264,2285,2305,2352,2373,2334,2377,2387,2335,2273,2309,2292,2502,2671,2785,2569,2156,2071,2081,1935,1814,1687,1766
Florida : hydro-electric pumped storage,thousand megawatthours,ELEC.GEN.HPS-FL-99.A,--,--,--,--,--,--,--,--,--,--,--,--,--,--,--,--,--,--,--,--,--,--,--,--,--
Florida : other,thousand megawatthours,ELEC.GEN.OTH-FL-99.A,3046,2940,3711,3427,3579,3261,3236,2827,2733,2834,3385,3194,3086,2891,3021,3151,3078,2983,3154,2921,2697,2402,2366,2106,2152
Florida : all solar,thousand megawatthours,ELEC.GEN.TSN-FL-99.A,--,--,--,--,--,--,--,--,--,--,--,--,--,361,380,429,1169,2841,4590,7627,10754,13885,17804,23261,30131
Florida : small-scale solar photovoltaic,thousand megawatthours,ELEC.GEN.DPV-FL-99.A,--,--,--,--,--,--,--,--,--,--,--,--,--,119,156,205,293,429,689,1117,1705,2542,3745,4611,5206
Florida : all utility-scale solar,thousand megawatthours,ELEC.GEN.SUN-FL-99.A,--,--,--,--,--,--,--,--,9,80,126,194,210,242,224,224,876,2412,3901,6510,9049,11342,14059,18649,24925
Florida : utility-scale photovoltaic,thousand megawatthours,ELEC.GEN.SPV-FL-99.A,--,--,--,--,--,--,--,--,9,80,97,105,108,117,118,149,855,2361,3873,6480,9020,11314,14059,18649,24925
Florida : utility-scale thermal,thousand megawatthours,ELEC.GEN.STH-FL-99.A,--,--,--,--,--,--,--,--,--,--,29,88,102,124,106,75,22,51,28,30,29,28,0,0,0
Georgia,,ELEC.GEN..A,,,,,,,,,,,,,,,,,,,,,,,,,
Georgia : all fuels (utility-scale),thousand megawatthours,ELEC.GEN.ALL-GA-99.A,118317,126512,124077,126813,136668,138010,145155,136173,128698,137577,124749,122306,120954,125837,128818,133380,127455,129239,128692,120129,124201,126485,129222,139805,146639
Georgia : coal,thousand megawatthours,ELEC.GEN.COW-GA-99.A,74561,78828,78638,79943,87182,86504,90298,85491,69478,73298,60159,40715,40233,45295,37131,37890,32487,32181,25245,13914,19076,16778,16769,17837,20025
Georgia : petroleum liquids,thousand megawatthours,ELEC.GEN.PEL-GA-99.A,761,671,680,402,472,252,232,272,168,155,137,73,68,180,147,114,142,279,107,67,81,386,182,145,181
Georgia : petroleum coke,thousand megawatthours,ELEC.GEN.PC-GA-99.A,410,533,514,544,561,583,556,470,482,485,415,305,207,198,113,97,140,156,140,140,98,131,54,96,134
Georgia : natural gas,thousand megawatthours,ELEC.GEN.NG-GA-99.A,3866,6889,4277,6130,9771,12961,16079,13428,20506,23884,26544,42539,40330,40961,50469,52862,52722,51972,58620,59178,56673,59849,60044,56937,56911
Georgia : other gases,thousand megawatthours,ELEC.GEN.OOG-GA-99.A,--,--,--,--,--,--,--,--,--,--,--,--,--,--,--,--,--,--,--,--,--,--,--,--,--
Georgia : nuclear,thousand megawatthours,ELEC.GEN.NUC-GA-99.A,33682,31108,33257,33748,31534,32006,32545,31691,31683,33512,32306,33942,32903,32570,33838,34481,33709,34363,33591,32826,33952,34074,37377,47976,51225
Georgia : conventional hydroelectric,thousand megawatthours,ELEC.GEN.HYC-GA-99.A,2596,2716,4140,3692,4032,2569,2236,2145,3260,3322,2705,2236,3714,3064,2984,3373,2410,3697,3956,4663,3661,3177,2872,2941,2990
Georgia : other renewables,thousand megawatthours,ELEC.GEN.AOR-GA-99.A,3003,6381,3173,3192,3272,3419,3415,2782,2825,3181,3190,3279,3839,4283,4863,5454,7005,6994,7536,9635,10714,12674,12501,14551,15974
Georgia : wind,thousand megawatthours,ELEC.GEN.WND-GA-99.A,--,--,--,--,--,--,--,--,--,--,--,--,--,--,--,--,--,--,--,--,--,--,--,--,--
Georgia : all utility-scale solar,thousand megawatthours,ELEC.GEN.SUN-GA-99.A,--,--,--,--,--,--,--,--,--,--,--,3,14,119,129,881,1986,1996,2161,3780,4868,6947,7550,9185,11267
Georgia : utility-scale photovoltaic,thousand megawatthours,ELEC.GEN.SPV-GA-99.A,--,--,--,--,--,--,--,--,--,--,--,3,14,119,129,881,1986,1996,2161,3780,4868,6947,7550,9185,11267
Georgia : utility-scale thermal,thousand megawatthours,ELEC.GEN.STH-GA-99.A,--,--,--,--,--,--,--,--,--,--,--,--,--,--,--,--,--,--,--,--,--,--,--,--,--
Georgia : geothermal,thousand megawatthours,ELEC.GEN.GEO-GA-99.A,--,--,--,--,--,--,--,--,--,--,--,--,--,--,--,--,--,--,--,--,--,--,--,--,--
Georgia : biomass,thousand megawatthours,ELEC.GEN.BIO-GA-99.A,3003,6381,3173,3192,3272,3419,3415,2782,2825,3181,3190,3276,3825,4163,4734,4573,5018,4999,5376,5855,5846,5727,4951,5366,4707
Georgia : wood and wood-derived fuels,thousand megawatthours,ELEC.GEN.WWW-GA-99.A,2974,6219,3039,3108,3195,3362,3362,2660,2746,3054,3070,3107,3409,3750,4393,4303,4666,4658,5058,5534,5521,5457,4639,5071,4413
Georgia : other biomass,thousand megawatthours,ELEC.GEN.WAS-GA-99.A,28,162,134,83,77,57,53,122,80,127,119,168,415,413,341,271,353,341,318,322,324,270,313,296,295
Georgia : hydro-electric pumped storage,thousand megawatthours,ELEC.GEN.HPS-GA-99.A,-570,-648,-636,-878,-209,-400,-322,-157,272,-278,-734,-838,-427,-781,-815,-993,-1248,-489,-599,-376,-134,-643,-664,-760,-848
Georgia : other,thousand megawatthours,ELEC.GEN.OTH-GA-99.A,8,34,33,40,53,118,115,51,25,18,28,56,88,67,87,101,87,86,94,83,79,58,86,83,47
Georgia : all solar,thousand megawatthours,ELEC.GEN.TSN-GA-99.A,--,--,--,--,--,--,--,--,--,--,--,--,--,218,229,1076,2212,2265,2467,4109,5241,7332,8069,9753,11880
Georgia : small-scale solar photovoltaic,thousand megawatthours,ELEC.GEN.DPV-GA-99.A,--,--,--,--,--,--,--,--,--,--,--,--,--,99,100,195,226,270,307,329,372,385,519,568,613
Georgia : all utility-scale solar,thousand megawatthours,ELEC.GEN.SUN-GA-99.A,--,--,--,--,--,--,--,--,--,--,--,3,14,119,129,881,1986,1996,2161,3780,4868,6947,7550,9185,11267
Georgia : utility-scale photovoltaic,thousand megawatthours,ELEC.GEN.SPV-GA-99.A,--,--,--,--,--,--,--,--,--,--,--,3,14,119,129,881,1986,1996,2161,3780,4868,6947,7550,9185,11267
Georgia : utility-scale thermal,thousand megawatthours,ELEC.GEN.STH-GA-99.A,--,--,--,--,--,--,--,--,--,--,--,--,--,--,--,--,--,--,--,--,--,--,--,--,--
Maryland,,ELEC.GEN..A,,,,,,,,,,,,,,,,,,,,,,,,,
Maryland : all fuels (utility-scale),thousand megawatthours,ELEC.GEN.ALL-MD-99.A,49062,48279,52244,52053,52662,48957,50198,47361,43775,43607,41818,37810,35851,37834,36366,37167,34104,43810,39326,36029,38235,37139,36001,35425,37671
Maryland : coal,thousand megawatthours,ELEC.GEN.COW-MD-99.A,28379,28712,29939,29195,29303,29408,29699,27218,24162,23668,21059,16185,15538,17603,13926,13826,8514,10067,5722,3360,5174,4639,1709,2466,2294
Maryland : petroleum liquids,thousand megawatthours,ELEC.GEN.PEL-MD-99.A,3022,2282,3572,3297,3806,581,985,406,330,322,229,137,190,463,232,161,102,260,67,70,73,143,64,212,381
Maryland : petroleum coke,thousand megawatthours,ELEC.GEN.PC-MD-99.A,--,--,--,--,--,--,--,--,--,--,--,--,--,--,--,--,--,--,--,--,--,--,--,--,--
Maryland : natural gas,thousand megawatthours,ELEC.GEN.NG-MD-99.A,1761,2214,1196,1183,1887,1770,2241,1848,1768,2897,2311,4945,2888,2506,4555,5423,6729,13850,14605,14092,13977,13950,15336,13910,16015
Maryland : other gases,thousand megawatthours,ELEC.GEN.OOG-MD-99.A,440,505,325,412,342,332,378,338,269,215,155,112,--,--,--,--,--,--,--,--,--,--,--,--,--
Maryland : nuclear,thousand megawatthours,ELEC.GEN.NUC-MD-99.A,13656,12128,13691,14580,14703,13830,14353,14679,14550,13994,14397,13579,14264,14343,14643,14760,15107,14988,15013,15081,14994,14811,14984,14724,14795
Maryland : conventional hydroelectric,thousand megawatthours,ELEC.GEN.HYC-MD-99.A,1184,1661,2647,2508,1704,2104,1652,1974,1889,1667,2547,1657,1727,1616,1623,1392,1965,2831,2188,1697,2117,1780,1849,1848,1575
Maryland : other renewables,thousand megawatthours,ELEC.GEN.AOR-MD-99.A,373,522,596,589,623,626,603,612,551,574,822,898,941,989,1068,1281,1365,1488,1405,1410,1524,1524,1746,1927,2311
Maryland : wind,thousand megawatthours,ELEC.GEN.WND-MD-99.A,--,--,--,--,--,--,--,--,--,1,271,322,322,324,435,527,561,570,520,546,517,498,482,558,685
Maryland : all utility-scale solar,thousand megawatthours,ELEC.GEN.SUN-MD-99.A,--,--,--,--,--,--,--,--,--,0,3,22,63,98,119,209,267,397,494,527,632,714,943,1036,1329
Maryland : utility-scale photovoltaic,thousand megawatthours,ELEC.GEN.SPV-MD-99.A,--,--,--,--,--,--,--,--,--,0,3,22,63,98,119,209,267,397,494,527,632,714,943,1036,1329
Maryland : utility-scale thermal,thousand megawatthours,ELEC.GEN.STH-MD-99.A,--,--,--,--,--,--,--,--,--,--,--,--,--,--,--,--,--,--,--,--,--,--,--,--,--
Maryland : geothermal,thousand megawatthours,ELEC.GEN.GEO-MD-99.A,--,--,--,--,--,--,--,--,--,--,--,--,--,--,--,--,--,--,--,--,--,--,--,--,--
Maryland : biomass,thousand megawatthours,ELEC.GEN.BIO-MD-99.A,373,522,596,589,623,626,603,612,551,572,548,554,556,567,514,546,536,521,391,337,375,312,322,333,297
Maryland : wood and wood-derived fuels,thousand megawatthours,ELEC.GEN.WWW-MD-99.A,12,183,225,192,206,218,203,198,175,165,168,159,143,150,111,124,120,104,60,10,8,7,3,0,0
Maryland : other biomass,thousand megawatthours,ELEC.GEN.WAS-MD-99.A,361,339,371,397,417,408,400,415,376,407,380,395,413,417,403,422,416,417,330,327,366,306,319,333,297
Maryland : hydro-electric pumped storage,thousand megawatthours,ELEC.GEN.HPS-MD-99.A,--,--,--,--,--,--,--,--,--,--,--,--,--,--,--,--,--,--,--,--,--,--,--,--,--
Maryland : other,thousand megawatthours,ELEC.GEN.OTH-MD-99.A,248,255,278,289,294,305,287,286,256,270,299,296,303,313,318,323,322,326,325,320,376,294,312,338,300
Maryland : all solar,thousand megawatthours,ELEC.GEN.TSN-MD-99.A,--,--,--,--,--,--,--,--,--,--,--,--,--,351,457,728,1002,1246,1460,1522,1657,1996,2325,2515,3010
Maryland : small-scale solar photovoltaic,thousand megawatthours,ELEC.GEN.DPV-MD-99.A,--,--,--,--,--,--,--,--,--,--,--,--,--,253,339,519,735,849,965,994,1025,1283,1382,1479,1681
Maryland : all utility-scale solar,thousand megawatthours,ELEC.GEN.SUN-MD-99.A,--,--,--,--,--,--,--,--,--,0,3,22,63,98,119,209,267,397,494,527,632,714,943,1036,1329
Maryland : utility-scale photovoltaic,thousand megawatthours,ELEC.GEN.SPV-MD-99.A,--,--,--,--,--,--,--,--,--,0,3,22,63,98,119,209,267,397,494,527,632,714,943,1036,1329
Maryland : utility-scale thermal,thousand megawatthours,ELEC.GEN.STH-MD-99.A,--,--,--,--,--,--,--,--,--,--,--,--,--,--,--,--,--,--,--,--,--,--,--,--,--
North Carolina,,ELEC.GEN..A,,,,,,,,,,,,,,,,,,,,,,,,,
North Carolina : all fuels (utility-scale),thousand megawatthours,ELEC.GEN.ALL-NC-99.A,117496,124468,127582,126330,129749,125215,130115,125239,118407,128678,118390,116682,125936,128144,128388,130779,128468,134249,131174,124363,129923,134257,126553,134965,135437
North Carolina : coal,thousand megawatthours,ELEC.GEN.COW-NC-99.A,72958,75188,74776,75546,78436,75487,79983,75815,65083,71951,59758,50932,47072,49238,39922,37436,34460,31690,30672,20793,20405,14674,14205,17079,17902
North Carolina : petroleum liquids,thousand megawatthours,ELEC.GEN.PEL-NC-99.A,656,592,784,611,519,451,496,320,297,293,218,178,218,460,435,251,251,633,192,117,195,278,84,157,192
North Carolina : petroleum coke,thousand megawatthours,ELEC.GEN.PC-NC-99.A,--,--,--,--,--,--,--,--,--,--,--,--,--,--,0,--,--,--,--,--,--,--,--,--,--
North Carolina : natural gas,thousand megawatthours,ELEC.GEN.NG-NC-99.A,1534,3561,1580,2559,3159,3196,4457,4177,4852,8447,11155,19302,27983,28738,36545,39251,38590,43446,41147,41401,47445,58131,51788,55503,54217
North Carolina : other gases,thousand megawatthours,ELEC.GEN.OOG-NC-99.A,1,1,0,0,0,0,0,0,0,0,--,--,--,--,--,--,--,--,--,--,--,--,--,--,--
North Carolina : nuclear,thousand megawatthours,ELEC.GEN.NUC-NC-99.A,37775,39627,40907,40091,39982,39963,40045,39776,40848,40740,40527,39386,40242,40967,42097,42786,42374,42077,41916,42329,43118,42644,42336,43349,43047
North Carolina : conventional hydroelectric,thousand megawatthours,ELEC.GEN.HYC-NC-99.A,2596,3492,7201,5435,5397,3839,2984,3034,5171,4757,3893,3728,6901,4756,4742,4417,3818,6605,6186,7957,5813,4686,4225,4829,4650
North Carolina : other renewables,thousand megawatthours,ELEC.GEN.AOR-NC-99.A,1751,1786,1976,1733,1807,1828,1672,1922,1893,2083,2345,2704,2955,3276,3963,5983,8397,9263,10524,11281,12660,13636,13680,13828,15227
North Carolina : wind,thousand megawatthours,ELEC.GEN.WND-NC-99.A,--,--,--,--,--,--,--,--,--,--,--,--,--,--,--,6,471,543,523,546,515,547,529,530,936
North Carolina : all utility-scale solar,thousand megawatthours,ELEC.GEN.SUN-NC-99.A,--,--,--,--,--,--,--,2,5,11,17,139,345,729,1374,3421,5114,6110,7451,8274,10123,11264,11459,11844,12752
North Carolina : utility-scale photovoltaic,thousand megawatthours,ELEC.GEN.SPV-NC-99.A,--,--,--,--,--,--,--,2,5,11,17,139,345,729,1374,3421,5114,6110,7451,8274,10123,11264,11459,11844,12752
North Carolina : utility-scale thermal,thousand megawatthours,ELEC.GEN.STH-NC-99.A,--,--,--,--,--,--,--,--,--,--,--,--,--,--,--,--,--,--,--,--,--,--,--,--,--
North Carolina : geothermal,thousand megawatthours,ELEC.GEN.GEO-NC-99.A,--,--,--,--,--,--,--,--,--,--,--,--,--,--,--,--,--,--,--,--,--,--,--,--,--
North Carolina : biomass,thousand megawatthours,ELEC.GEN.BIO-NC-99.A,1751,1786,1976,1733,1807,1828,1672,1920,1889,2072,2328,2564,2610,2547,2589,2556,2812,2610,2549,2461,2023,1825,1692,1454,1539
North Carolina : wood and wood-derived fuels,thousand megawatthours,ELEC.GEN.WWW-NC-99.A,1642,1683,1862,1621,1709,1737,1585,1800,1757,1876,1953,2262,2200,2027,2045,1960,2117,1953,1878,1820,1465,1364,1230,1086,1181
North Carolina : other biomass,thousand megawatthours,ELEC.GEN.WAS-NC-99.A,109,103,114,112,98,92,87,120,131,195,375,302,410,520,544,596,695,656,671,641,557,461,462,368,358
North Carolina : hydro-electric pumped storage,thousand megawatthours,ELEC.GEN.HPS-NC-99.A,0,25,119,78,147,131,137,-121,43,0,0,0,0,78,0,0,0,0,0,0,0,0,0,0,0
North Carolina : other,thousand megawatthours,ELEC.GEN.OTH-NC-99.A,225,196,239,277,303,319,342,316,220,407,493,452,567,631,685,655,577,535,538,485,289,208,235,220,202
North Carolina : all solar,thousand megawatthours,ELEC.GEN.TSN-NC-99.A,--,--,--,--,--,--,--,--,--,--,--,--,--,803,1460,3589,5300,6323,7725,8633,10578,11858,12216,12752,13761
North Carolina : small-scale solar photovoltaic,thousand megawatthours,ELEC.GEN.DPV-NC-99.A,--,--,--,--,--,--,--,--,--,--,--,--,--,74,86,167,186,212,273,360,455,594,757,908,1009
North Carolina : all utility-scale solar,thousand megawatthours,ELEC.GEN.SUN-NC-99.A,--,--,--,--,--,--,--,2,5,11,17,139,345,729,1374,3421,5114,6110,7451,8274,10123,11264,11459,11844,12752
North Carolina : utility-scale photovoltaic,thousand megawatthours,ELEC.GEN.SPV-NC-99.A,--,--,--,--,--,--,--,2,5,11,17,139,345,729,1374,3421,5114,6110,7451,8274,10123,11264,11459,11844,12752
North Carolina : utility-scale thermal,thousand megawatthours,ELEC.GEN.STH-NC-99.A,--,--,--,--,--,--,--,--,--,--,--,--,--,--,--,--,--,--,--,--,--,--,--,--,--
South Carolina,,ELEC.GEN..A,,,,,,,,,,,,,,,,,,,,,,,,,
South Carolina : all fuels (utility-scale),thousand megawatthours,ELEC.GEN.ALL-SC-99.A,89159,96563,93773,97940,102515,99268,103402,100978,100125,104153,102973,96756,95250,97158,96532,96986,93081,99364,100108,98529,98390,98710,100853,100485,104548
South Carolina : coal,thousand megawatthours,ELEC.GEN.COW-SC-99.A,36699,36948,37432,38922,39692,39473,41583,41540,34478,37671,34169,28396,24407,28914,22631,21003,18152,19497,14861,12459,15188,14243,15150,16842,18178
South Carolina : petroleum liquids,thousand megawatthours,ELEC.GEN.PEL-SC-99.A,308,300,409,380,339,221,217,129,140,163,112,108,103,246,193,114,98,344,79,64,86,187,96,106,103
South Carolina : petroleum coke,thousand megawatthours,ELEC.GEN.PC-SC-99.A,--,--,48,491,279,16,0,52,383,28,0,0,0,0,0,0,0,0,0,0,0,0,0,0,0
South Carolina : natural gas,thousand megawatthours,ELEC.GEN.NG-SC-99.A,1176,4498,1663,3798,5414,6068,5965,5729,9780,10927,12936,14332,11834,11407,16549,16367,17156,21654,23926,24228,23242,24144,23691,22809,22490
South Carolina : other gases,thousand megawatthours,ELEC.GEN.OOG-SC-99.A,0,0,0,0,6,0,0,0,0,0,--,--,--,--,--,--,--,--,--,--,--,--,--,--,--
South Carolina : nuclear,thousand megawatthours,ELEC.GEN.NUC-SC-99.A,49870,53326,50418,51201,53138,50797,53200,51763,52150,51988,52903,51145,54252,52419,53156,55826,54345,52716,56103,54751,53771,54370,55622,53770,56671
South Carolina : conventional hydroelectric,thousand megawatthours,ELEC.GEN.HYC-SC-99.A,1225,1390,3665,2447,2938,1807,1556,1123,2332,2376,1554,1420,3160,2569,2564,2226,1835,3014,2976,3863,2544,2181,2199,2412,2497
South Carolina : other renewables,thousand megawatthours,ELEC.GEN.AOR-SC-99.A,894,1244,1296,1763,1814,1910,1996,1816,1748,1873,2129,2143,2226,2442,2294,2381,2479,2802,3027,3797,4284,4414,4504,4753,4887
South Carolina : wind,thousand megawatthours,ELEC.GEN.WND-SC-99.A,--,--,--,--,--,--,--,--,--,--,--,--,--,--,--,--,--,--,--,--,--,--,--,--,--
South Carolina : all utility-scale solar,thousand megawatthours,ELEC.GEN.SUN-SC-99.A,--,--,--,--,--,--,--,--,--,--,--,--,0,5,4,5,80,510,859,1722,2280,2422,2762,2926,3312
South Carolina : utility-scale photovoltaic,thousand megawatthours,ELEC.GEN.SPV-SC-99.A,--,--,--,--,--,--,--,--,--,--,--,--,0,5,4,5,80,510,859,1722,2280,2422,2762,2926,3312
South Carolina : utility-scale thermal,thousand megawatthours,ELEC.GEN.STH-SC-99.A,--,--,--,--,--,--,--,--,--,--,--,--,--,--,--,--,--,--,--,--,--,--,--,--,--
South Carolina : geothermal,thousand megawatthours,ELEC.GEN.GEO-SC-99.A,--,--,--,--,--,--,--,--,--,--,--,--,--,--,--,--,--,--,--,--,--,--,--,--,--
South Carolina : biomass,thousand megawatthours,ELEC.GEN.BIO-SC-99.A,894,1244,1296,1763,1814,1910,1996,1816,1748,1873,2129,2143,2226,2438,2289,2376,2400,2291,2168,2075,2005,1992,1741,1827,1575
South Carolina : wood and wood-derived fuels,thousand megawatthours,ELEC.GEN.WWW-SC-99.A,866,1229,1244,1694,1726,1804,1895,1696,1611,1742,1988,1941,2013,2244,2103,2197,2228,2141,2039,1954,1898,1901,1655,1765,1518
South Carolina : other biomass,thousand megawatthours,ELEC.GEN.WAS-SC-99.A,28,16,52,69,88,106,101,120,137,131,141,203,213,194,186,180,171,150,129,121,107,91,87,63,58
South Carolina : hydro-electric pumped storage,thousand megawatthours,ELEC.GEN.HPS-SC-99.A,-1036,-1143,-1207,-1149,-1199,-1120,-1211,-1267,-976,-935,-890,-896,-795,-884,-904,-977,-1025,-705,-909,-679,-768,-870,-454,-251,-283
South Carolina : other,thousand megawatthours,ELEC.GEN.OTH-SC-99.A,22,0,49,87,94,95,96,94,91,61,60,106,62,46,49,45,41,42,45,46,42,42,44,45,5
South Carolina : all solar,thousand megawatthours,ELEC.GEN.TSN-SC-99.A,--,--,--,--,--,--,--,--,--,--,--,--,--,9,11,41,217,759,1187,2092,2707,2942,3351,3563,3974
South Carolina : small-scale solar photovoltaic,thousand megawatthours,ELEC.GEN.DPV-SC-99.A,--,--,--,--,--,--,--,--,--,--,--,--,--,4,7,36,138,249,329,371,428,520,589,637,662
South Carolina : all utility-scale solar,thousand megawatthours,ELEC.GEN.SUN-SC-99.A,--,--,--,--,--,--,--,--,--,--,--,--,0,5,4,5,80,510,859,1722,2280,2422,2762,2926,3312
South Carolina : utility-scale photovoltaic,thousand megawatthours,ELEC.GEN.SPV-SC-99.A,--,--,--,--,--,--,--,--,--,--,--,--,0,5,4,5,80,510,859,1722,2280,2422,2762,2926,3312
South Carolina : utility-scale thermal,thousand megawatthours,ELEC.GEN.STH-SC-99.A,--,--,--,--,--,--,--,--,--,--,--,--,--,--,--,--,--,--,--,--,--,--,--,--,--
Virginia,,ELEC.GEN..A,,,,,,,,,,,,,,,,,,,,,,,,,
Virginia : all fuels (utility-scale),thousand megawatthours,ELEC.GEN.ALL-VA-99.A,74105,75006,75309,78900,78943,73070,78361,72679,70082,72966,66671,70739,76897,77137,84412,92555,90417,95509,96828,103056,93478,89477,91059,102699,105954
Virginia : coal,thousand megawatthours,ELEC.GEN.COW-VA-99.A,37770,38082,37093,35656,35425,34288,35421,31776,25599,25459,19881,14181,21161,20819,17231,16499,10726,9266,3418,3763,3248,3346,1415,1972,3607
Virginia : petroleum liquids,thousand megawatthours,ELEC.GEN.PEL-VA-99.A,5462,3793,5780,5154,4265,839,2097,1150,1088,1293,503,364,313,1205,1108,535,456,950,258,231,341,652,135,205,500
Virginia : petroleum coke,thousand megawatthours,ELEC.GEN.PC-VA-99.A,--,--,--,--,--,--,--,--,--,--,--,--,--,--,--,--,--,--,--,--,--,--,--,--,--
Virginia : natural gas,thousand megawatthours,ELEC.GEN.NG-VA-99.A,4196,4387,4619,6438,8295,7215,10904,9315,12201,16999,18332,25038,22651,20882,33284,40905,44507,50160,57985,62623,53611,48802,50605,60998,60696
Virginia : other gases,thousand megawatthours,ELEC.GEN.OOG-VA-99.A,0,0,3,0,0,--,--,--,--,--,--,--,--,--,--,--,--,--,--,--,--,--,--,--,--
Virginia : nuclear,thousand megawatthours,ELEC.GEN.NUC-VA-99.A,25759,27346,24816,28315,27918,27594,27268,27931,28212,26572,25548,28723,29326,30221,28060,29732,30554,29252,29498,30140,28572,28197,29663,28945,28214
Virginia : conventional hydroelectric,thousand megawatthours,ELEC.GEN.HYC-VA-99.A,1014,868,1782,1583,1484,1351,1248,1011,1479,1500,1210,1044,1254,955,1158,1471,1116,1765,1519,2030,1306,1137,1391,1253,1237
Virginia : other renewables,thousand megawatthours,ELEC.GEN.AOR-VA-99.A,1747,2071,2261,2432,2498,2458,2566,2698,2418,2220,2196,2358,2906,3852,4144,4113,4122,4936,4696,4791,6912,8322,8830,10436,12714
Virginia : wind,thousand megawatthours,ELEC.GEN.WND-VA-99.A,--,--,--,--,--,--,--,--,--,--,--,--,--,--,--,--,--,--,--,--,50,51,47,50,50
Virginia : all utility-scale solar,thousand megawatthours,ELEC.GEN.SUN-VA-99.A,0,0,--,--,--,--,--,--,--,--,--,--,--,--,--,21,313,763,949,1371,3267,4626,5421,6998,9083
Virginia : utility-scale photovoltaic,thousand megawatthours,ELEC.GEN.SPV-VA-99.A,--,--,--,--,--,--,--,--,--,--,--,--,--,--,--,21,313,763,949,1371,3267,4626,5421,6998,9083
Virginia : utility-scale thermal,thousand megawatthours,ELEC.GEN.STH-VA-99.A,--,--,--,--,--,--,--,--,--,--,--,--,--,--,--,--,--,--,--,--,--,--,--,--,--
Virginia : geothermal,thousand megawatthours,ELEC.GEN.GEO-VA-99.A,--,--,--,--,--,--,--,--,--,--,--,--,--,--,--,--,--,--,--,--,--,--,--,--,--
Virginia : biomass,thousand megawatthours,ELEC.GEN.BIO-VA-99.A,1747,2071,2261,2432,2498,2458,2566,2698,2418,2220,2196,2358,2906,3852,4144,4092,3809,4173,3746,3420,3594,3645,3361,3388,3580
Virginia : wood and wood-derived fuels,thousand megawatthours,ELEC.GEN.WWW-VA-99.A,1148,1408,1588,1733,1803,1780,1792,1916,1708,1404,1406,1436,1946,2755,3041,2986,2901,3001,2665,2351,2607,2698,2463,2595,2770
Virginia : other biomass,thousand megawatthours,ELEC.GEN.WAS-VA-99.A,599,663,674,699,695,678,773,782,709,815,790,923,960,1097,1103,1106,907,1172,1082,1069,987,948,898,792,811
Virginia : hydro-electric pumped storage,thousand megawatthours,ELEC.GEN.HPS-VA-99.A,-2240,-1989,-1498,-1166,-1421,-1167,-1620,-1638,-1335,-1491,-1470,-1366,-1189,-1295,-1036,-1163,-1278,-1292,-1104,-1080,-1039,-1502,-1455,-1533,-1481
Virginia : other,thousand megawatthours,ELEC.GEN.OTH-VA-99.A,397,447,453,488,479,491,477,434,420,414,470,397,475,500,462,462,213,471,558,557,528,523,477,422,467
Virginia : all solar,thousand megawatthours,ELEC.GEN.TSN-VA-99.A,--,--,--,--,--,--,--,--,--,--,--,--,--,22,30,62,379,845,1081,1585,3588,5015,6129,8042,10154
Virginia : small-scale solar photovoltaic,thousand megawatthours,ELEC.GEN.DPV-VA-99.A,--,--,--,--,--,--,--,--,--,--,--,--,--,22,30,41,66,82,132,214,320,389,708,1044,1070
Virginia : all utility-scale solar,thousand megawatthours,ELEC.GEN.SUN-VA-99.A,0,0,--,--,--,--,--,--,--,--,--,--,--,--,--,21,313,763,949,1371,3267,4626,5421,6998,9083
Virginia : utility-scale photovoltaic,thousand megawatthours,ELEC.GEN.SPV-VA-99.A,--,--,--,--,--,--,--,--,--,--,--,--,--,--,--,21,313,763,949,1371,3267,4626,5421,6998,9083
Virginia : utility-scale thermal,thousand megawatthours,ELEC.GEN.STH-VA-99.A,--,--,--,--,--,--,--,--,--,--,--,--,--,--,--,--,--,--,--,--,--,--,--,--,--
West Virginia,,ELEC.GEN..A,,,,,,,,,,,,,,,,,,,,,,,,,
West Virginia : all fuels (utility-scale),thousand megawatthours,ELEC.GEN.ALL-WV-99.A,81837,94762,94712,89750,93626,93816,93933,91123,70783,80789,79000,73413,75863,81060,72295,75943,73357,67249,63926,56662,65836,56665,52287,50595,53648
West Virginia : coal,thousand megawatthours,ELEC.GEN.COW-WV-99.A,80214,92951,92469,87585,91417,91473,91866,89113,68080,78148,75964,70267,72284,77515,68056,71513,68349,62039,58182,50216,59668,50718,44798,43098,46636
West Virginia : petroleum liquids,thousand megawatthours,ELEC.GEN.PEL-WV-99.A,279,298,248,268,223,175,200,137,169,155,188,143,150,163,140,123,120,159,128,142,167,150,163,125,142
West Virginia : petroleum coke,thousand megawatthours,ELEC.GEN.PC-WV-99.A,--,--,0,0,0,0,0,0,0,0,0,0,0,0,0,0,0,0,0,0,0,0,0,0,0
West Virginia : natural gas,thousand megawatthours,ELEC.GEN.NG-WV-99.A,276,241,278,255,287,362,389,180,109,140,251,243,270,653,1304,1225,1527,1420,2243,2777,2626,2110,3680,3782,3314
West Virginia : other gases,thousand megawatthours,ELEC.GEN.OOG-WV-99.A,90,175,170,148,86,53,56,50,36,40,30,32,30,31,29,25,34,25,42,47,53,35,32,40,17
West Virginia : nuclear,thousand megawatthours,ELEC.GEN.NUC-WV-99.A,--,--,--,--,--,--,--,--,--,--,--,--,--,--,--,--,--,--,--,--,--,--,--,--,--
West Virginia : conventional hydroelectric,thousand megawatthours,ELEC.GEN.HYC-WV-99.A,952,1066,1356,1318,1448,1572,1254,1248,1646,1367,1453,1431,1739,1242,1385,1638,1658,1848,1706,1592,1705,1647,1530,1361,1285
West Virginia : other renewables,thousand megawatthours,ELEC.GEN.AOR-WV-99.A,16,15,174,163,155,174,168,392,742,939,1112,1297,1391,1456,1381,1432,1682,1770,1631,1904,1634,2017,2099,2196,2260
West Virginia : wind,thousand megawatthours,ELEC.GEN.WND-WV-99.A,--,9,170,161,154,174,168,392,742,939,1103,1286,1387,1451,1376,1432,1682,1770,1631,1898,1624,2007,2089,2003,1991
West Virginia : all utility-scale solar,thousand megawatthours,ELEC.GEN.SUN-WV-99.A,--,--,--,--,--,--,--,--,--,--,--,--,--,--,--,--,--,--,--,--,--,--,--,186,264
West Virginia : utility-scale photovoltaic,thousand megawatthours,ELEC.GEN.SPV-WV-99.A,--,--,--,--,--,--,--,--,--,--,--,--,--,--,--,--,--,--,--,--,--,--,--,186,264
West Virginia : utility-scale thermal,thousand megawatthours,ELEC.GEN.STH-WV-99.A,--,--,--,--,--,--,--,--,--,--,--,--,--,--,--,--,--,--,--,--,--,--,--,--,--
West Virginia : geothermal,thousand megawatthours,ELEC.GEN.GEO-WV-99.A,--,--,--,--,--,--,--,--,--,--,--,--,--,--,--,--,--,--,--,--,--,--,--,--,--
West Virginia : biomass,thousand megawatthours,ELEC.GEN.BIO-WV-99.A,16,6,4,2,1,0,0,0,-1,0,9,11,4,5,5,--,--,--,0,6,10,10,9,8,5
West Virginia : wood and wood-derived fuels,thousand megawatthours,ELEC.GEN.WWW-WV-99.A,1,0,0,1,0,0,0,0,-1,0,0,0,--,--,--,--,--,--,--,--,--,--,--,--,--
West Virginia : other biomass,thousand megawatthours,ELEC.GEN.WAS-WV-99.A,14,6,4,2,0,0,0,0,0,0,9,11,4,5,5,--,--,--,0,6,10,10,9,8,5
West Virginia : hydro-electric pumped storage,thousand megawatthours,ELEC.GEN.HPS-WV-99.A,--,--,--,--,--,--,--,--,--,--,--,--,--,--,--,--,--,--,--,--,--,--,--,--,--
West Virginia : other,thousand megawatthours,ELEC.GEN.OTH-WV-99.A,11,17,17,13,11,6,0,2,0,1,0,0,0,0,0,-12,-14,-12,-6,-17,-16,-12,-14,-8,-6
West Virginia : all solar,thousand megawatthours,ELEC.GEN.TSN-WV-99.A,--,--,--,--,--,--,--,--,--,--,--,--,--,4,4,6,8,10,12,15,22,33,47,247,344
West Virginia : small-scale solar photovoltaic,thousand megawatthours,ELEC.GEN.DPV-WV-99.A,--,--,--,--,--,--,--,--,--,--,--,--,--,4,4,6,8,10,12,15,22,33,47,61,80
West Virginia : all utility-scale solar,thousand megawatthours,ELEC.GEN.SUN-WV-99.A,--,--,--,--,--,--,--,--,--,--,--,--,--,--,--,--,--,--,--,--,--,--,--,186,264
West Virginia : utility-scale photovoltaic,thousand megawatthours,ELEC.GEN.SPV-WV-99.A,--,--,--,--,--,--,--,--,--,--,--,--,--,--,--,--,--,--,--,--,--,--,--,186,264
West Virginia : utility-scale thermal,thousand megawatthours,ELEC.GEN.STH-WV-99.A,--,--,--,--,--,--,--,--,--,--,--,--,--,--,--,--,--,--,--,--,--,--,--,--,--
East South Central,,ELEC.GEN..A,,,,,,,,,,,,,,,,,,,,,,,,,
East South Central : all fuels (utility-scale),thousand megawatthours,ELEC.GEN.ALL-ESC-99.A,370431,364030,361576,373142,377956,379827,386209,382602,362304,387204,387365,375137,372776,374871,375994,364881,351917,368891,362770,348235,359422,359754,353377,--,--
East South Central : coal,thousand megawatthours,ELEC.GEN.COW-ESC-99.A,241923,229875,232761,236489,242899,247910,246121,239967,194237,211403,198964,171000,171541,177521,151017,137590,121020,117192,101476,84207,100554,94534,82459,--,--
East South Central : petroleum liquids,thousand megawatthours,ELEC.GEN.PEL-ESC-99.A,6102,785,2525,3383,2126,835,907,628,550,621,491,378,325,418,346,273,241,293,224,186,199,277,195,--,--
East South Central : petroleum coke,thousand megawatthours,ELEC.GEN.PC-ESC-99.A,--,2895,2795,3500,3563,3245,2673,2743,1890,2162,1596,1429,1302,1033,964,1130,427,0,0,0,0,18,0,--,--
East South Central : natural gas,thousand megawatthours,ELEC.GEN.NG-ESC-99.A,28449,34719,22792,28468,31415,36954,47085,44416,56172,72997,82452,105279,84798,89575,116235,127445,119790,136296,138274,138944,131627,147375,147135,--,--
East South Central : other gases,thousand megawatthours,ELEC.GEN.OOG-ESC-99.A,208,162,205,238,147,192,239,260,176,294,308,191,281,193,48,39,20,16,15,12,11,11,11,--,--
East South Central : nuclear,thousand megawatthours,ELEC.GEN.NUC-ESC-99.A,68857,69490,66732,70481,69575,67008,72384,75419,77677,75323,76612,73239,80174,79166,78626,75377,81834,82559,90410,86710,93139,86549,95266,--,--
East South Central : conventional hydroelectric,thousand megawatthours,ELEC.GEN.HYC-ESC-99.A,19158,20823,28617,24815,22415,17592,10744,13700,26065,19422,21429,18093,28618,21511,22847,17237,22434,25854,25767,31807,27269,23916,20426,--,--
East South Central : other renewables,thousand megawatthours,ELEC.GEN.AOR-ESC-99.A,6453,5848,5824,6535,6356,6695,6730,6174,5788,5309,5779,5455,5761,5876,6363,6417,6767,7230,7162,7017,7124,7506,8347,--,--
East South Central : wind,thousand megawatthours,ELEC.GEN.WND-ESC-99.A,--,4,4,4,3,55,50,50,52,41,53,47,47,51,46,38,43,41,38,39,28,15,16,--,--
East South Central : all utility-scale solar,thousand megawatthours,ELEC.GEN.SUN-ESC-99.A,--,--,--,--,--,--,--,--,--,--,--,12,20,27,76,122,379,890,1079,1166,1303,2122,2950,--,--
East South Central : utility-scale photovoltaic,thousand megawatthours,ELEC.GEN.SPV-ESC-99.A,--,--,--,--,--,--,--,--,--,--,--,12,20,27,76,122,379,890,1079,1166,1303,2122,2950,--,--
East South Central : utility-scale thermal,thousand megawatthours,ELEC.GEN.STH-ESC-99.A,--,--,--,--,--,--,--,--,--,--,--,--,--,--,--,--,--,--,--,--,--,--,--,--,--
East South Central : geothermal,thousand megawatthours,ELEC.GEN.GEO-ESC-99.A,--,--,--,--,--,--,--,--,--,--,--,--,--,--,--,--,--,--,--,--,--,--,--,--,--
East South Central : biomass,thousand megawatthours,ELEC.GEN.BIO-ESC-99.A,6453,5844,5820,6531,6353,6640,6680,6123,5736,5268,5726,5395,5694,5797,6241,6258,6345,6299,6045,5811,5792,5369,5380,--,--
East South Central : wood and wood-derived fuels,thousand megawatthours,ELEC.GEN.WWW-ESC-99.A,6393,5780,5729,6401,6199,6467,6511,5940,5578,5132,5581,5213,5474,5550,6010,6013,6077,6056,5802,5553,5538,5132,5180,--,--
East South Central : other biomass,thousand megawatthours,ELEC.GEN.WAS-ESC-99.A,60,64,91,130,153,174,170,184,159,136,144,183,220,247,231,245,268,243,244,258,254,237,200,--,--
East South Central : hydro-electric pumped storage,thousand megawatthours,ELEC.GEN.HPS-ESC-99.A,-734,-696,-729,-818,-598,-668,-704,-739,-650,-721,-660,-163,-42,-491,-531,-704,-686,-620,-615,-721,-577,-491,-554,--,--
East South Central : other,thousand megawatthours,ELEC.GEN.OTH-ESC-99.A,15,128,55,51,58,63,29,35,400,393,396,235,18,69,78,75,68,72,58,74,77,58,92,--,--
East South Central : all solar,thousand megawatthours,ELEC.GEN.TSN-ESC-99.A,--,--,--,--,--,--,--,--,--,--,--,--,--,105,155,242,509,1034,1240,1336,1497,2342,3199,--,--
East South Central : small-scale solar photovoltaic,thousand megawatthours,ELEC.GEN.DPV-ESC-99.A,--,--,--,--,--,--,--,--,--,--,--,--,--,78,78,120,130,144,162,169,193,219,248,--,--
East South Central : all utility-scale solar,thousand megawatthours,ELEC.GEN.SUN-ESC-99.A,--,--,--,--,--,--,--,--,--,--,--,12,20,27,76,122,379,890,1079,1166,1303,2122,2950,--,--
East South Central : utility-scale photovoltaic,thousand megawatthours,ELEC.GEN.SPV-ESC-99.A,--,--,--,--,--,--,--,--,--,--,--,12,20,27,76,122,379,890,1079,1166,1303,2122,2950,--,--
East South Central : utility-scale thermal,thousand megawatthours,ELEC.GEN.STH-ESC-99.A,--,--,--,--,--,--,--,--,--,--,--,--,--,--,--,--,--,--,--,--,--,--,--,--,--
Alabama,,ELEC.GEN..A,,,,,,,,,,,,,,,,,,,,,,,,,
Alabama : all fuels (utility-scale),thousand megawatthours,ELEC.GEN.ALL-AL-99.A,125345,132921,137487,137355,137949,140895,143826,145870,143256,152151,156339,152879,150573,149340,152477,142385,139964,145058,142679,137547,142733,144789,139435,142921,142038
Alabama : coal,thousand megawatthours,ELEC.GEN.COW-AL-99.A,72198,72042,76696,74832,78128,78109,77994,74605,55609,63050,56807,45607,47050,47302,41410,34258,31440,31778,26655,21730,26901,25944,19182,20936,21662
Alabama : petroleum liquids,thousand megawatthours,ELEC.GEN.PEL-AL-99.A,435,312,337,295,333,180,157,204,219,200,120,110,74,98,84,46,36,66,20,13,22,41,25,12,17
Alabama : petroleum coke,thousand megawatthours,ELEC.GEN.PC-AL-99.A,--,--,--,--,--,--,--,--,--,--,0,--,--,--,--,--,--,--,--,--,--,--,--,--,0
Alabama : natural gas,thousand megawatthours,ELEC.GEN.NG-AL-99.A,9613,15904,12244,15977,13869,19407,23232,22363,31617,39235,47681,55705,46586,48270,55844,57804,52984,58800,57197,55230,54448,62217,61848,64599,64819
Alabama : other gases,thousand megawatthours,ELEC.GEN.OOG-AL-99.A,189,113,170,182,107,131,178,204,135,277,292,178,268,180,36,24,9,5,3,0,0,0,0,0,NM
Alabama : nuclear,thousand megawatthours,ELEC.GEN.NUC-AL-99.A,30357,31857,31677,31636,31694,31911,34325,38993,39716,37941,39356,40841,40816,41244,41951,39902,42652,39463,43657,43551,46036,42314,45579,44487,42673
Alabama : conventional hydroelectric,thousand megawatthours,ELEC.GEN.HYC-AL-99.A,8356,8825,12665,10626,10145,7252,4136,6136,12535,8704,8884,7435,12899,9467,9862,6985,9237,11143,11405,13349,11521,10188,8430,8357,8276
Alabama : other renewables,thousand megawatthours,ELEC.GEN.AOR-AL-99.A,4189,3746,3673,3779,3647,3884,3801,3357,3050,2377,2817,2777,2876,2779,3289,3367,3606,3804,3742,3675,3805,4085,4371,4522,4590
Alabama : wind,thousand megawatthours,ELEC.GEN.WND-AL-99.A,--,--,--,--,--,--,--,--,--,--,--,--,--,--,--,--,--,--,--,--,--,--,--,--,--
Alabama : all utility-scale solar,thousand megawatthours,ELEC.GEN.SUN-AL-99.A,--,--,--,--,--,--,--,--,--,--,--,--,--,--,--,31,181,357,385,369,494,895,1201,1255,1332
Alabama : utility-scale photovoltaic,thousand megawatthours,ELEC.GEN.SPV-AL-99.A,--,--,--,--,--,--,--,--,--,--,--,--,--,--,--,31,181,357,385,369,494,895,1201,1255,1332
Alabama : utility-scale thermal,thousand megawatthours,ELEC.GEN.STH-AL-99.A,--,--,--,--,--,--,--,--,--,--,--,--,--,--,--,--,--,--,--,--,--,--,--,--,--
Alabama : geothermal,thousand megawatthours,ELEC.GEN.GEO-AL-99.A,--,--,--,--,--,--,--,--,--,--,--,--,--,--,--,--,--,--,--,--,--,--,--,--,--
Alabama : biomass,thousand megawatthours,ELEC.GEN.BIO-AL-99.A,4189,3746,3673,3779,3647,3884,3801,3357,3050,2377,2817,2777,2876,2779,3289,3335,3426,3446,3357,3306,3311,3190,3171,3267,3258
Alabama : wood and wood-derived fuels,thousand megawatthours,ELEC.GEN.WWW-AL-99.A,4172,3727,3649,3756,3630,3865,3784,3324,3035,2365,2807,2769,2854,2732,3246,3297,3384,3409,3317,3269,3267,3147,3129,3230,3222
Alabama : other biomass,thousand megawatthours,ELEC.GEN.WAS-AL-99.A,17,18,24,23,16,19,17,34,14,12,10,8,21,47,44,38,41,38,40,37,44,43,41,37,36
Alabama : hydro-electric pumped storage,thousand megawatthours,ELEC.GEN.HPS-AL-99.A,--,--,--,--,--,--,--,--,--,--,--,--,--,--,--,--,--,--,--,--,--,--,--,--,--
Alabama : other,thousand megawatthours,ELEC.GEN.OTH-AL-99.A,8,123,26,28,25,21,4,8,374,366,383,227,3,NM,0,0,0,0,0,0,0,0,0,7,0
Alabama : all solar,thousand megawatthours,ELEC.GEN.TSN-AL-99.A,--,--,--,--,--,--,--,--,--,--,--,--,--,3,3,39,189,368,399,384,513,916,1223,1282,1363
Alabama : small-scale solar photovoltaic,thousand megawatthours,ELEC.GEN.DPV-AL-99.A,--,--,--,--,--,--,--,--,--,--,--,--,--,3,3,8,8,11,14,15,19,22,22,27,31
Alabama : all utility-scale solar,thousand megawatthours,ELEC.GEN.SUN-AL-99.A,--,--,--,--,--,--,--,--,--,--,--,--,--,--,--,31,181,357,385,369,494,895,1201,1255,1332
Alabama : utility-scale photovoltaic,thousand megawatthours,ELEC.GEN.SPV-AL-99.A,--,--,--,--,--,--,--,--,--,--,--,--,--,--,--,31,181,357,385,369,494,895,1201,1255,1332
Alabama : utility-scale thermal,thousand megawatthours,ELEC.GEN.STH-AL-99.A,--,--,--,--,--,--,--,--,--,--,--,--,--,--,--,--,--,--,--,--,--,--,--,--,--
Kentucky,,ELEC.GEN..A,,,,,,,,,,,,,,,,,,,,,,,,,
Kentucky : all fuels (utility-scale),thousand megawatthours,ELEC.GEN.ALL-KY-99.A,95418,92107,91719,94530,97822,98792,97225,97863,90630,98218,98351,89950,89741,90896,83544,80274,73179,78804,71804,63540,69908,69147,63217,66951,73758
Kentucky : coal,thousand megawatthours,ELEC.GEN.COW-KY-99.A,90799,83274,84061,86121,89083,91198,90483,91621,84038,91054,91656,82762,83303,83602,72620,66822,57237,59168,51714,43638,49863,47053,43447,44829,48688
Kentucky : petroleum liquids,thousand megawatthours,ELEC.GEN.PEL-KY-99.A,124,174,150,121,118,96,119,131,127,123,139,107,107,120,113,88,71,70,50,57,66,80,61,58,76
Kentucky : petroleum coke,thousand megawatthours,ELEC.GEN.PC-KY-99.A,--,2895,2795,3500,3563,3245,2673,2743,1890,2162,1596,1429,1302,1033,964,1130,427,0,0,0,0,18,0,0,0
Kentucky : natural gas,thousand megawatthours,ELEC.GEN.NG-KY-99.A,630,1374,444,580,1654,1177,1796,979,878,1841,1546,2949,1418,2500,5950,8228,10380,14615,15341,14384,14572,16918,15090,17267,19089
Kentucky : other gases,thousand megawatthours,ELEC.GEN.OOG-KY-99.A,--,--,0,2,5,4,5,4,4,3,--,--,--,--,--,--,--,--,--,--,--,--,--,--,--
Kentucky : nuclear,thousand megawatthours,ELEC.GEN.NUC-KY-99.A,--,--,--,--,--,--,--,--,--,--,--,--,--,--,--,--,--,--,--,--,--,--,--,--,--
Kentucky : conventional hydroelectric,thousand megawatthours,ELEC.GEN.HYC-KY-99.A,3856,4025,3948,3780,2961,2592,1669,1917,3318,2580,2969,2362,3275,3144,3403,3478,4506,4418,4232,5005,4876,4530,3955,4114,3889
Kentucky : other renewables,thousand megawatthours,ELEC.GEN.AOR-KY-99.A,10,365,299,411,421,459,466,460,364,440,436,333,327,448,441,477,515,470,419,390,461,494,573,671,1982
Kentucky : wind,thousand megawatthours,ELEC.GEN.WND-KY-99.A,--,--,--,--,--,--,--,--,--,--,--,--,--,--,--,--,--,--,--,--,--,--,--,--,--
Kentucky : all utility-scale solar,thousand megawatthours,ELEC.GEN.SUN-KY-99.A,--,--,--,--,--,--,--,--,--,--,--,--,--,--,--,12,20,39,45,43,46,47,155,277,1577
Kentucky : utility-scale photovoltaic,thousand megawatthours,ELEC.GEN.SPV-KY-99.A,--,--,--,--,--,--,--,--,--,--,--,--,--,--,--,12,20,39,45,43,46,47,155,277,1577
Kentucky : utility-scale thermal,thousand megawatthours,ELEC.GEN.STH-KY-99.A,--,--,--,--,--,--,--,--,--,--,--,--,--,--,--,--,--,--,--,--,--,--,--,--,--
Kentucky : geothermal,thousand megawatthours,ELEC.GEN.GEO-KY-99.A,--,--,--,--,--,--,--,--,--,--,--,--,--,--,--,--,--,--,--,--,--,--,--,--,--
Kentucky : biomass,thousand megawatthours,ELEC.GEN.BIO-KY-99.A,10,365,299,411,421,459,466,460,364,440,436,333,327,448,441,465,495,431,374,347,415,448,418,394,405
Kentucky : wood and wood-derived fuels,thousand megawatthours,ELEC.GEN.WWW-KY-99.A,10,365,298,349,358,369,370,351,263,349,341,237,228,354,349,360,380,329,276,233,300,343,329,296,311
Kentucky : other biomass,thousand megawatthours,ELEC.GEN.WAS-KY-99.A,--,--,1,62,63,89,95,109,101,91,95,96,98,94,92,105,114,102,98,114,115,105,89,98,94
Kentucky : hydro-electric pumped storage,thousand megawatthours,ELEC.GEN.HPS-KY-99.A,--,--,--,--,--,--,--,--,--,--,--,--,--,--,--,--,--,--,--,--,--,--,--,--,--
Kentucky : other,thousand megawatthours,ELEC.GEN.OTH-KY-99.A,--,--,22,16,17,22,16,9,13,15,9,8,9,50,52,50,45,64,47,64,70,54,91,12,33
Kentucky : all solar,thousand megawatthours,ELEC.GEN.TSN-KY-99.A,--,--,--,--,--,--,--,--,--,--,--,--,--,13,14,32,45,71,85,94,115,148,286,438,1758
Kentucky : small-scale solar photovoltaic,thousand megawatthours,ELEC.GEN.DPV-KY-99.A,--,--,--,--,--,--,--,--,--,--,--,--,--,13,14,20,25,32,40,51,69,101,131,161,181
Kentucky : all utility-scale solar,thousand megawatthours,ELEC.GEN.SUN-KY-99.A,--,--,--,--,--,--,--,--,--,--,--,--,--,--,--,12,20,39,45,43,46,47,155,277,1577
Kentucky : utility-scale photovoltaic,thousand megawatthours,ELEC.GEN.SPV-KY-99.A,--,--,--,--,--,--,--,--,--,--,--,--,--,--,--,12,20,39,45,43,46,47,155,277,1577
Kentucky : utility-scale thermal,thousand megawatthours,ELEC.GEN.STH-KY-99.A,--,--,--,--,--,--,--,--,--,--,--,--,--,--,--,--,--,--,--,--,--,--,--,--,--
Mississippi,,ELEC.GEN..A,,,,,,,,,,,,,,,,,,,,,,,,,
Mississippi : all fuels (utility-scale),thousand megawatthours,ELEC.GEN.ALL-MS-99.A,53446,42889,40148,43663,45067,46229,50044,48206,48701,54487,51571,54584,52810,55127,64758,62881,59728,63474,65959,66582,67723,67781,72933,77337,78128
Mississippi : coal,thousand megawatthours,ELEC.GEN.COW-MS-99.A,19196,14853,17083,17478,16636,18105,17407,16683,12958,13629,9723,7212,8701,10743,6400,5342,4628,5280,4414,4594,5531,5651,4037,3334,4181
Mississippi : petroleum liquids,thousand megawatthours,ELEC.GEN.PEL-MS-99.A,5144,30,1632,2777,1445,399,399,76,17,81,36,17,14,14,14,18,11,27,14,8,8,9,7,9,10
Mississippi : petroleum coke,thousand megawatthours,ELEC.GEN.PC-MS-99.A,--,--,--,--,--,--,--,--,--,--,--,--,--,--,--,--,--,--,--,--,--,--,--,--,--
Mississippi : natural gas,thousand megawatthours,ELEC.GEN.NG-MS-99.A,17751,16971,9477,11619,15360,15706,21335,20607,23267,29619,29966,38550,31777,32606,45117,50095,46158,49482,48781,53662,48621,51719,55168,60026,57755
Mississippi : other gases,thousand megawatthours,ELEC.GEN.OOG-MS-99.A,0,38,32,41,20,44,42,40,25,2,--,--,--,--,--,--,--,--,--,--,--,--,--,--,--
Mississippi : nuclear,thousand megawatthours,ELEC.GEN.NUC-MS-99.A,9924,10059,10902,10233,10078,10419,9359,9397,10999,9643,10337,7296,10865,10252,11715,5897,7365,6919,11033,6471,11772,8600,11750,10653,11493
Mississippi : conventional hydroelectric,thousand megawatthours,ELEC.GEN.HYC-MS-99.A,--,--,--,--,--,--,--,--,--,--,--,--,--,--,--,--,--,--,--,--,--,--,--,--,--
Mississippi : other renewables,thousand megawatthours,ELEC.GEN.AOR-MS-99.A,1432,937,1022,1514,1522,1541,1493,1391,1424,1504,1506,1509,1448,1508,1507,1524,1563,1765,1718,1847,1791,1801,1972,3319,4701
Mississippi : wind,thousand megawatthours,ELEC.GEN.WND-MS-99.A,--,--,--,--,--,--,--,--,--,--,--,--,--,--,--,--,--,--,--,--,--,--,--,347,500
Mississippi : all utility-scale solar,thousand megawatthours,ELEC.GEN.SUN-MS-99.A,--,--,--,--,--,--,--,--,--,--,--,--,--,--,--,0,86,326,322,430,425,504,633,1691,2875
Mississippi : utility-scale photovoltaic,thousand megawatthours,ELEC.GEN.SPV-MS-99.A,--,--,--,--,--,--,--,--,--,--,--,--,--,--,--,0,86,326,322,430,425,504,633,1691,2875
Mississippi : utility-scale thermal,thousand megawatthours,ELEC.GEN.STH-MS-99.A,--,--,--,--,--,--,--,--,--,--,--,--,--,--,--,--,--,--,--,--,--,--,--,--,--
Mississippi : geothermal,thousand megawatthours,ELEC.GEN.GEO-MS-99.A,--,--,--,--,--,--,--,--,--,--,--,--,--,--,--,--,--,--,--,--,--,--,--,--,--
Mississippi : biomass,thousand megawatthours,ELEC.GEN.BIO-MS-99.A,1432,937,1022,1514,1522,1541,1493,1391,1424,1504,1506,1509,1448,1508,1507,1524,1477,1439,1395,1417,1367,1297,1339,1281,1326
Mississippi : wood and wood-derived fuels,thousand megawatthours,ELEC.GEN.WWW-MS-99.A,1432,937,1015,1511,1516,1535,1488,1386,1417,1503,1503,1493,1433,1491,1493,1513,1462,1423,1378,1402,1354,1288,1331,1273,1319
Mississippi : other biomass,thousand megawatthours,ELEC.GEN.WAS-MS-99.A,0,0,7,3,5,6,5,5,7,1,3,16,15,17,13,11,15,17,17,16,12,10,8,8,7
Mississippi : hydro-electric pumped storage,thousand megawatthours,ELEC.GEN.HPS-MS-99.A,--,--,--,--,--,--,--,--,--,--,--,--,--,--,--,--,--,--,--,--,--,--,--,--,--
Mississippi : other,thousand megawatthours,ELEC.GEN.OTH-MS-99.A,0,0,0,2,7,16,7,10,12,9,3,0,5,4,6,5,2,0,0,0,0,0,0,-4,-13
Mississippi : all solar,thousand megawatthours,ELEC.GEN.TSN-MS-99.A,--,--,--,--,--,--,--,--,--,--,--,--,--,2,2,6,96,337,336,445,441,526,656,1721,2908
Mississippi : small-scale solar photovoltaic,thousand megawatthours,ELEC.GEN.DPV-MS-99.A,--,--,--,--,--,--,--,--,--,--,--,--,--,2,2,6,11,11,14,15,16,22,23,30,33
Mississippi : all utility-scale solar,thousand megawatthours,ELEC.GEN.SUN-MS-99.A,--,--,--,--,--,--,--,--,--,--,--,--,--,--,--,0,86,326,322,430,425,504,633,1691,2875
Mississippi : utility-scale photovoltaic,thousand megawatthours,ELEC.GEN.SPV-MS-99.A,--,--,--,--,--,--,--,--,--,--,--,--,--,--,--,0,86,326,322,430,425,504,633,1691,2875
Mississippi : utility-scale thermal,thousand megawatthours,ELEC.GEN.STH-MS-99.A,--,--,--,--,--,--,--,--,--,--,--,--,--,--,--,--,--,--,--,--,--,--,--,--,--
Tennessee,,ELEC.GEN..A,,,,,,,,,,,,,,,,,,,,,,,,,
Tennessee : all fuels (utility-scale),thousand megawatthours,ELEC.GEN.ALL-TN-99.A,96222,96114,92222,97595,97117,93911,95113,90663,79717,82349,81104,77724,79652,79507,75215,79341,79046,81555,82327,80566,79057,78036,77791,76167,74671
Tennessee : coal,thousand megawatthours,ELEC.GEN.COW-TN-99.A,59730,59706,54921,58060,59051,60498,60237,57058,41633,43670,40777,35419,32486,35875,30586,31168,27715,20967,18692,14245,18260,15886,15793,17435,18035
Tennessee : petroleum liquids,thousand megawatthours,ELEC.GEN.PEL-TN-99.A,400,270,406,191,231,160,232,216,187,217,195,144,130,185,135,122,124,130,140,108,103,147,102,121,125
Tennessee : petroleum coke,thousand megawatthours,ELEC.GEN.PC-TN-99.A,--,--,--,--,--,--,--,--,--,--,--,--,--,--,--,--,--,--,--,--,--,--,--,--,--
Tennessee : natural gas,thousand megawatthours,ELEC.GEN.NG-TN-99.A,456,470,627,292,531,664,722,467,409,2302,3259,8075,5017,6200,9324,11319,10268,13399,16955,15668,13986,16521,15030,16483,17550
Tennessee : other gases,thousand megawatthours,ELEC.GEN.OOG-TN-99.A,18,12,3,13,15,14,13,12,12,13,17,13,13,13,12,15,12,11,12,11,11,11,11,12,10
Tennessee : nuclear,thousand megawatthours,ELEC.GEN.NUC-TN-99.A,28576,27574,24153,28612,27803,24679,28700,27030,26962,27739,26919,25102,28494,27670,24960,29578,31818,36176,35720,36688,35330,35635,37937,32186,29333
Tennessee : conventional hydroelectric,thousand megawatthours,ELEC.GEN.HYC-TN-99.A,6947,7974,12004,10408,9310,7749,4940,5646,10212,8138,9576,8296,12443,8901,9581,6774,8691,10293,10130,13452,10871,9198,8042,8911,8367
Tennessee : other renewables,thousand megawatthours,ELEC.GEN.AOR-TN-99.A,822,800,830,830,766,811,971,965,950,988,1020,836,1110,1141,1126,1050,1083,1191,1283,1104,1066,1126,1430,1589,1788
Tennessee : wind,thousand megawatthours,ELEC.GEN.WND-TN-99.A,--,4,4,4,3,55,50,50,52,41,53,47,47,51,46,38,43,41,38,39,28,15,16,13,0
Tennessee : all utility-scale solar,thousand megawatthours,ELEC.GEN.SUN-TN-99.A,--,--,--,--,--,--,--,--,--,--,--,12,20,27,76,79,92,168,326,325,339,677,961,1104,1310
Tennessee : utility-scale photovoltaic,thousand megawatthours,ELEC.GEN.SPV-TN-99.A,--,--,--,--,--,--,--,--,--,--,--,12,20,27,76,79,92,168,326,325,339,677,961,1104,1310
Tennessee : utility-scale thermal,thousand megawatthours,ELEC.GEN.STH-TN-99.A,--,--,--,--,--,--,--,--,--,--,--,--,--,--,--,--,--,--,--,--,--,--,--,--,--
Tennessee : geothermal,thousand megawatthours,ELEC.GEN.GEO-TN-99.A,--,--,--,--,--,--,--,--,--,--,--,--,--,--,--,--,--,--,--,--,--,--,--,--,--
Tennessee : biomass,thousand megawatthours,ELEC.GEN.BIO-TN-99.A,822,796,826,826,763,756,921,915,899,947,967,777,1043,1062,1004,933,948,982,919,740,700,434,452,471,478
Tennessee : wood and wood-derived fuels,thousand megawatthours,ELEC.GEN.WWW-TN-99.A,779,751,767,784,695,698,868,879,862,914,930,715,958,973,922,843,851,895,830,650,617,355,390,380,383
Tennessee : other biomass,thousand megawatthours,ELEC.GEN.WAS-TN-99.A,43,45,59,42,68,58,52,36,36,33,36,62,85,90,82,91,97,87,88,90,82,79,62,92,95
Tennessee : hydro-electric pumped storage,thousand megawatthours,ELEC.GEN.HPS-TN-99.A,-734,-696,-729,-818,-598,-668,-704,-739,-650,-721,-660,-163,-42,-491,-531,-704,-686,-620,-615,-721,-577,-491,-554,-571,-538
Tennessee : other,thousand megawatthours,ELEC.GEN.OTH-TN-99.A,7,6,7,6,9,5,3,8,1,3,1,1,1,14,21,20,21,8,10,10,7,4,0,0,0
Tennessee : all solar,thousand megawatthours,ELEC.GEN.TSN-TN-99.A,--,--,--,--,--,--,--,--,--,--,--,--,--,87,136,164,179,258,420,413,427,752,1034,1191,1395
Tennessee : small-scale solar photovoltaic,thousand megawatthours,ELEC.GEN.DPV-TN-99.A,--,--,--,--,--,--,--,--,--,--,--,--,--,60,60,86,87,90,94,89,89,75,72,86,85
Tennessee : all utility-scale solar,thousand megawatthours,ELEC.GEN.SUN-TN-99.A,--,--,--,--,--,--,--,--,--,--,--,12,20,27,76,79,92,168,326,325,339,677,961,1104,1310
Tennessee : utility-scale photovoltaic,thousand megawatthours,ELEC.GEN.SPV-TN-99.A,--,--,--,--,--,--,--,--,--,--,--,12,20,27,76,79,92,168,326,325,339,677,961,1104,1310
Tennessee : utility-scale thermal,thousand megawatthours,ELEC.GEN.STH-TN-99.A,--,--,--,--,--,--,--,--,--,--,--,--,--,--,--,--,--,--,--,--,--,--,--,--,--
West South Central,,ELEC.GEN..A,,,,,,,,,,,,,,,,,,,,,,,,,
West South Central : all fuels (utility-scale),thousand megawatthours,ELEC.GEN.ALL-WSC-99.A,562916,587395,585113,601129,605688,614288,625486,628620,620686,647831,676881,676122,669387,673607,689334,700416,685020,734662,734205,712298,722414,781608,797511,--,--
West South Central : coal,thousand megawatthours,ELEC.GEN.COW-WSC-99.A,216448,222961,230059,231697,230791,230002,230512,233661,221308,233724,246421,217243,232137,230521,183326,176203,190618,168412,130375,104102,129356,122825,98491,--,--
West South Central : petroleum liquids,thousand megawatthours,ELEC.GEN.PEL-WSC-99.A,4730,655,3181,2945,2377,672,715,471,337,285,257,173,198,192,257,156,158,136,147,126,308,388,250,--,--
West South Central : petroleum coke,thousand megawatthours,ELEC.GEN.PC-WSC-99.A,2578,3040,2723,3295,3025,3213,3100,2954,3024,3767,5498,4385,5749,5359,4299,4919,4640,4425,3261,3515,3976,3185,1082,--,--
West South Central : natural gas,thousand megawatthours,ELEC.GEN.NG-WSC-99.A,251134,269986,259469,263279,276429,282067,284954,280827,278922,284637,300606,328607,298504,297097,353095,347156,311278,364689,392283,380547,351568,390476,428273,--,--
West South Central : other gases,thousand megawatthours,ELEC.GEN.OOG-WSC-99.A,2083,4621,8732,6737,5187,5409,5435,4512,4876,4852,4682,4246,4646,4249,4980,4613,4615,5124,4744,4342,4009,4312,4132,--,--
West South Central : nuclear,thousand megawatthours,ELEC.GEN.NUC-WSC-99.A,70280,67482,64253,72965,67598,73232,73519,70266,73450,74997,70458,69593,67215,71077,68493,72652,66682,71059,68854,73451,71016,72095,67864,--,--
West South Central : conventional hydroelectric,thousand megawatthours,ELEC.GEN.HYC-WSC-99.A,6825,7439,6242,9020,7856,3549,8774,10575,10010,8838,6072,4608,6357,5544,8189,8588,6948,7350,10879,9668,8987,6774,6178,--,--
West South Central : other renewables,thousand megawatthours,ELEC.GEN.AOR-WSC-99.A,6628,8610,9210,9846,11095,14513,17020,24412,27983,35957,42213,46628,53653,58681,65190,84653,98966,112403,122620,135547,152219,180499,190432,--,--
West South Central : wind,thousand megawatthours,ELEC.GEN.WND-WSC-99.A,1188,2656,2624,3710,5085,8383,10856,18583,22724,30059,36153,40372,47036,51942,58864,77600,90660,103039,112629,121858,132015,152340,156867,--,--
West South Central : all utility-scale solar,thousand megawatthours,ELEC.GEN.SUN-WSC-99.A,0,--,--,--,--,--,--,--,--,8,29,118,163,282,403,762,2255,3472,4637,8912,15606,23456,29317,--,--
West South Central : utility-scale photovoltaic,thousand megawatthours,ELEC.GEN.SPV-WSC-99.A,--,--,--,--,--,--,--,--,--,8,29,115,163,282,403,762,2255,3472,4637,8912,15606,23456,29317,--,--
West South Central : utility-scale thermal,thousand megawatthours,ELEC.GEN.STH-WSC-99.A,--,--,--,--,--,--,--,--,--,--,--,3,--,--,--,--,--,--,--,--,--,--,--,--,--
West South Central : geothermal,thousand megawatthours,ELEC.GEN.GEO-WSC-99.A,--,--,--,--,--,--,--,--,--,--,--,--,--,--,--,--,--,--,--,--,--,--,--,--,--
West South Central : biomass,thousand megawatthours,ELEC.GEN.BIO-WSC-99.A,5440,5954,6585,6136,6010,6130,6165,5829,5259,5889,6031,6138,6454,6456,5922,6291,6051,5892,5354,4777,4598,4703,4247,--,--
West South Central : wood and wood-derived fuels,thousand megawatthours,ELEC.GEN.WWW-WSC-99.A,5274,5642,6066,5775,5655,5760,5669,5103,4543,5115,5113,5209,5411,5435,4862,5237,5122,5076,4684,4124,4025,4180,3885,--,--
West South Central : other biomass,thousand megawatthours,ELEC.GEN.WAS-WSC-99.A,167,312,519,361,355,371,495,726,716,774,917,929,1043,1021,1060,1054,929,816,670,653,574,523,362,--,--
West South Central : hydro-electric pumped storage,thousand megawatthours,ELEC.GEN.HPS-WSC-99.A,-128,-178,-196,-209,-133,-102,-136,-120,-16,-153,-119,-74,-48,-39,-41,-49,-97,-95,-53,-52,-3,-23,47,--,--
West South Central : other,thousand megawatthours,ELEC.GEN.OTH-WSC-99.A,2338,2778,1441,1555,1462,1732,1594,1062,792,927,792,714,974,925,1546,1524,1213,1158,1096,1051,979,1078,762,--,--
West South Central : all solar,thousand megawatthours,ELEC.GEN.TSN-WSC-99.A,--,--,--,--,--,--,--,--,--,--,--,--,--,557,789,1355,2947,4449,5933,10899,18372,27039,34353,--,--
West South Central : small-scale solar photovoltaic,thousand megawatthours,ELEC.GEN.DPV-WSC-99.A,--,--,--,--,--,--,--,--,--,--,--,--,--,274,385,593,692,977,1297,1987,2765,3583,5035,--,--
West South Central : all utility-scale solar,thousand megawatthours,ELEC.GEN.SUN-WSC-99.A,0,--,--,--,--,--,--,--,--,8,29,118,163,282,403,762,2255,3472,4637,8912,15606,23456,29317,--,--
West South Central : utility-scale photovoltaic,thousand megawatthours,ELEC.GEN.SPV-WSC-99.A,--,--,--,--,--,--,--,--,--,8,29,115,163,282,403,762,2255,3472,4637,8912,15606,23456,29317,--,--
West South Central : utility-scale thermal,thousand megawatthours,ELEC.GEN.STH-WSC-99.A,--,--,--,--,--,--,--,--,--,--,--,3,--,--,--,--,--,--,--,--,--,--,--,--,--
Arkansas,,ELEC.GEN..A,,,,,,,,,,,,,,,,,,,,,,,,,
Arkansas : all fuels (utility-scale),thousand megawatthours,ELEC.GEN.ALL-AR-99.A,47192,47612,50401,51928,47795,52169,54596,55051,57458,61000,61308,65006,60322,61592,55559,60445,60775,67999,64443,54641,61100,65905,63196,61542,66606
Arkansas : coal,thousand megawatthours,ELEC.GEN.COW-AR-99.A,24764,23098,23504,25354,23037,24183,25744,26115,25075,28152,29418,28431,31889,33221,21740,23800,26285,29996,23313,15421,21419,20361,16844,15660,20380
Arkansas : petroleum liquids,thousand megawatthours,ELEC.GEN.PEL-AR-99.A,879,160,289,539,203,160,94,64,88,45,56,33,42,29,60,42,49,36,47,44,56,64,45,55,NM
Arkansas : petroleum coke,thousand megawatthours,ELEC.GEN.PC-AR-99.A,--,--,--,--,5,1,0,0,0,0,0,0,0,0,0,0,0,0,0,0,0,0,0,0,0
Arkansas : natural gas,thousand megawatthours,ELEC.GEN.NG-AR-99.A,2707,4603,7301,5069,6006,9282,8364,8461,11221,12469,12947,17117,12139,9614,14866,18171,17314,20624,21772,18307,20629,26037,26487,24725,22038
Arkansas : other gases,thousand megawatthours,ELEC.GEN.OOG-AR-99.A,--,--,--,--,--,--,--,--,--,--,--,--,--,--,--,--,--,--,--,--,--,--,--,--,--
Arkansas : nuclear,thousand megawatthours,ELEC.GEN.NUC-AR-99.A,14781,14559,14689,15450,13690,15233,15486,14168,15170,15023,14194,15493,11945,14478,13838,13421,12691,12721,13575,15063,13556,14324,14972,14763,15193
Arkansas : conventional hydroelectric,thousand megawatthours,ELEC.GEN.HYC-AR-99.A,2548,3436,2655,3643,3083,1551,3237,4660,4193,3659,2958,2198,2655,2640,3569,3570,2943,3009,4135,4531,4029,3469,3229,3134,3186
Arkansas : other renewables,thousand megawatthours,ELEC.GEN.AOR-AR-99.A,1512,1585,1844,1810,1736,1723,1624,1513,1586,1624,1668,1660,1601,1530,1442,1396,1467,1569,1545,1205,1321,1578,1511,3121,5640
Arkansas : wind,thousand megawatthours,ELEC.GEN.WND-AR-99.A,--,--,--,--,--,--,--,--,--,--,--,--,--,--,--,--,--,--,--,--,--,--,--,--,176
Arkansas : all utility-scale solar,thousand megawatthours,ELEC.GEN.SUN-AR-99.A,--,--,--,--,--,--,--,--,--,--,--,--,--,--,1,26,31,203,210,272,462,736,798,2329,4615
Arkansas : utility-scale photovoltaic,thousand megawatthours,ELEC.GEN.SPV-AR-99.A,--,--,--,--,--,--,--,--,--,--,--,--,--,--,1,26,31,203,210,272,462,736,798,2329,4615
Arkansas : utility-scale thermal,thousand megawatthours,ELEC.GEN.STH-AR-99.A,--,--,--,--,--,--,--,--,--,--,--,--,--,--,--,--,--,--,--,--,--,--,--,--,--
Arkansas : geothermal,thousand megawatthours,ELEC.GEN.GEO-AR-99.A,--,--,--,--,--,--,--,--,--,--,--,--,--,--,--,--,--,--,--,--,--,--,--,--,--
Arkansas : biomass,thousand megawatthours,ELEC.GEN.BIO-AR-99.A,1512,1585,1844,1810,1736,1723,1624,1513,1586,1624,1668,1660,1601,1530,1441,1370,1437,1366,1335,933,859,841,713,792,849
Arkansas : wood and wood-derived fuels,thousand megawatthours,ELEC.GEN.WWW-AR-99.A,1505,1581,1749,1778,1708,1689,1581,1466,1529,1567,1587,1590,1496,1428,1352,1257,1332,1291,1242,854,797,795,687,765,822
Arkansas : other biomass,thousand megawatthours,ELEC.GEN.WAS-AR-99.A,7,5,95,33,28,33,43,47,57,57,81,70,105,102,89,113,105,75,93,79,61,46,27,27,27
Arkansas : hydro-electric pumped storage,thousand megawatthours,ELEC.GEN.HPS-AR-99.A,--,--,10,25,21,15,30,48,100,-1,34,42,31,67,32,39,20,40,51,66,84,67,101,77,105
Arkansas : other,thousand megawatthours,ELEC.GEN.OTH-AR-99.A,0,171,109,38,15,22,17,22,24,28,32,30,21,13,12,6,4,5,5,4,8,5,6,7,6
Arkansas : all solar,thousand megawatthours,ELEC.GEN.TSN-AR-99.A,--,--,--,--,--,--,--,--,--,--,--,--,--,5,6,33,41,225,246,358,631,967,1194,2840,5193
Arkansas : small-scale solar photovoltaic,thousand megawatthours,ELEC.GEN.DPV-AR-99.A,--,--,--,--,--,--,--,--,--,--,--,--,--,5,5,7,10,22,35,86,169,230,397,511,579
Arkansas : all utility-scale solar,thousand megawatthours,ELEC.GEN.SUN-AR-99.A,--,--,--,--,--,--,--,--,--,--,--,--,--,--,1,26,31,203,210,272,462,736,798,2329,4615
Arkansas : utility-scale photovoltaic,thousand megawatthours,ELEC.GEN.SPV-AR-99.A,--,--,--,--,--,--,--,--,--,--,--,--,--,--,1,26,31,203,210,272,462,736,798,2329,4615
Arkansas : utility-scale thermal,thousand megawatthours,ELEC.GEN.STH-AR-99.A,--,--,--,--,--,--,--,--,--,--,--,--,--,--,--,--,--,--,--,--,--,--,--,--,--
Louisiana,,ELEC.GEN..A,,,,,,,,,,,,,,,,,,,,,,,,,
Louisiana : all fuels (utility-scale),thousand megawatthours,ELEC.GEN.ALL-LA-99.A,87894,94971,94885,98172,92617,90922,92578,92453,90994,102885,105491,103408,102010,104229,107812,107269,97719,102128,100175,100774,98715,105505,97785,99623,102520
Louisiana : coal,thousand megawatthours,ELEC.GEN.COW-LA-99.A,21968,22051,22889,23658,23087,24395,23051,24100,23067,23924,24628,21422,20844,19221,15165,12014,12316,11787,7419,3918,7873,8173,4834,3700,5531
Louisiana : petroleum liquids,thousand megawatthours,ELEC.GEN.PEL-LA-99.A,1786,113,1085,2031,1902,260,282,267,102,106,49,38,54,48,78,14,19,21,28,7,14,17,9,10,12
Louisiana : petroleum coke,thousand megawatthours,ELEC.GEN.PC-LA-99.A,1664,1751,1853,1872,1639,1612,1968,2038,1755,3175,4658,2992,4891,5183,4165,4805,4551,4356,3160,3422,3882,3090,1023,37,438
Louisiana : natural gas,thousand megawatthours,ELEC.GEN.NG-LA-99.A,40373,47901,45434,46170,44168,41933,43915,45344,44003,51344,54322,58564,52510,56121,66211,66479,59001,61782,69523,70782,63961,72275,74414,75263,73966
Louisiana : other gases,thousand megawatthours,ELEC.GEN.OOG-LA-99.A,441,1498,2687,2533,1897,1595,1811,1101,1227,1561,1292,1247,2246,1943,2401,2099,2143,2598,1875,1731,1791,1882,1804,1448,1463
Louisiana : nuclear,thousand megawatthours,ELEC.GEN.NUC-LA-99.A,17336,17305,16126,17080,15676,16735,17078,15371,16782,18639,16615,15659,16954,17311,15301,17152,15410,17153,13981,16950,17249,16165,12211,14652,15255
Louisiana : conventional hydroelectric,thousand megawatthours,ELEC.GEN.HYC-LA-99.A,732,891,892,1099,811,713,827,1064,1236,1109,1044,680,1045,1090,999,1103,906,1180,1366,1204,1109,916,708,885,837
Louisiana : other renewables,thousand megawatthours,ELEC.GEN.AOR-LA-99.A,2704,2810,3078,2966,2887,2962,2980,2710,2364,2468,2443,2430,2787,2780,2705,2876,2741,2609,2250,2155,2286,2273,2280,3176,4414
Louisiana : wind,thousand megawatthours,ELEC.GEN.WND-LA-99.A,--,--,--,--,--,--,--,--,--,--,--,--,--,--,--,--,--,--,--,--,--,--,--,--,--
Louisiana : all utility-scale solar,thousand megawatthours,ELEC.GEN.SUN-LA-99.A,--,--,--,--,--,--,--,--,--,--,--,--,--,--,--,--,2,2,2,39,146,196,292,1199,2409
Louisiana : utility-scale photovoltaic,thousand megawatthours,ELEC.GEN.SPV-LA-99.A,--,--,--,--,--,--,--,--,--,--,--,--,--,--,--,--,2,2,2,39,146,196,292,1199,2409
Louisiana : utility-scale thermal,thousand megawatthours,ELEC.GEN.STH-LA-99.A,--,--,--,--,--,--,--,--,--,--,--,--,--,--,--,--,--,--,--,--,--,--,--,--,--
Louisiana : geothermal,thousand megawatthours,ELEC.GEN.GEO-LA-99.A,--,--,--,--,--,--,--,--,--,--,--,--,--,--,--,--,--,--,--,--,--,--,--,--,--
Louisiana : biomass,thousand megawatthours,ELEC.GEN.BIO-LA-99.A,2704,2810,3078,2966,2887,2962,2980,2710,2364,2468,2443,2430,2787,2780,2705,2876,2739,2607,2248,2116,2140,2077,1988,1978,2005
Louisiana : wood and wood-derived fuels,thousand megawatthours,ELEC.GEN.WWW-LA-99.A,2641,2749,3014,2890,2806,2881,2898,2639,2297,2393,2371,2366,2704,2686,2608,2789,2651,2528,2165,2059,2056,1997,1904,1900,1924
Louisiana : other biomass,thousand megawatthours,ELEC.GEN.WAS-LA-99.A,64,62,65,77,80,81,82,71,67,74,71,64,82,94,96,87,88,79,83,57,84,80,84,78,81
Louisiana : hydro-electric pumped storage,thousand megawatthours,ELEC.GEN.HPS-LA-99.A,--,--,--,--,--,--,--,--,--,--,--,--,--,--,--,--,--,--,--,--,--,--,--,--,--
Louisiana : other,thousand megawatthours,ELEC.GEN.OTH-LA-99.A,890,650,840,764,550,715,666,458,456,559,440,376,679,533,788,727,632,643,573,605,550,715,501,452,604
Louisiana : all solar,thousand megawatthours,ELEC.GEN.TSN-LA-99.A,--,--,--,--,--,--,--,--,--,--,--,--,--,104,153,191,202,230,242,296,407,468,592,1535,2799
Louisiana : small-scale solar photovoltaic,thousand megawatthours,ELEC.GEN.DPV-LA-99.A,--,--,--,--,--,--,--,--,--,--,--,--,--,104,153,191,200,229,241,257,261,272,300,336,390
Louisiana : all utility-scale solar,thousand megawatthours,ELEC.GEN.SUN-LA-99.A,--,--,--,--,--,--,--,--,--,--,--,--,--,--,--,--,2,2,2,39,146,196,292,1199,2409
Louisiana : utility-scale photovoltaic,thousand megawatthours,ELEC.GEN.SPV-LA-99.A,--,--,--,--,--,--,--,--,--,--,--,--,--,--,--,--,2,2,2,39,146,196,292,1199,2409
Louisiana : utility-scale thermal,thousand megawatthours,ELEC.GEN.STH-LA-99.A,--,--,--,--,--,--,--,--,--,--,--,--,--,--,--,--,--,--,--,--,--,--,--,--,--
Oklahoma,,ELEC.GEN..A,,,,,,,,,,,,,,,,,,,,,,,,,
Oklahoma : all fuels (utility-scale),thousand megawatthours,ELEC.GEN.ALL-OK-99.A,55249,59183,60627,60730,68608,70615,72819,76329,75067,72251,74606,77897,73674,70156,76136,78655,73732,87181,86386,83368,80755,84635,89236,94069,90891
Oklahoma : coal,thousand megawatthours,ELEC.GEN.COW-OK-99.A,34616,35965,36676,33801,36309,35032,34438,36315,34059,31475,34479,29302,29999,29906,24867,19158,17368,14907,7826,5938,11246,8954,5199,6135,9414
Oklahoma : petroleum liquids,thousand megawatthours,ELEC.GEN.PEL-OK-99.A,175,50,161,68,70,64,160,23,9,14,16,11,10,12,11,17,16,18,18,26,35,29,20,27,35
Oklahoma : petroleum coke,thousand megawatthours,ELEC.GEN.PC-OK-99.A,--,--,--,--,--,--,0,0,0,5,0,0,0,0,0,0,0,0,0,0,0,0,0,0,0
Oklahoma : natural gas,thousand megawatthours,ELEC.GEN.NG-OK-99.A,17944,21049,21823,23286,28590,32981,33144,33774,34631,33942,32837,39024,30056,26641,34286,36529,30451,42571,45358,44829,33857,36023,45213,47742,40666
Oklahoma : other gases,thousand megawatthours,ELEC.GEN.OOG-OK-99.A,68,71,45,--,19,16,22,10,0,0,--,--,--,--,--,--,--,--,--,--,--,--,--,--,--
Oklahoma : nuclear,thousand megawatthours,ELEC.GEN.NUC-OK-99.A,--,--,--,--,--,--,--,--,--,--,--,--,--,--,--,--,--,--,--,--,--,--,--,--,--
Oklahoma : conventional hydroelectric,thousand megawatthours,ELEC.GEN.HYC-OK-99.A,2345,1988,1798,2977,2630,624,3066,3811,3553,2809,1507,1146,2178,1428,2664,2573,2036,2035,3903,2854,2766,1770,1483,1582,1740
Oklahoma : other renewables,thousand megawatthours,ELEC.GEN.AOR-OK-99.A,231,239,322,823,1137,2010,2129,2551,2929,4160,5919,8521,11506,12275,14369,20437,23930,27729,29378,29833,32935,37946,37356,38610,39070
Oklahoma : wind,thousand megawatthours,ELEC.GEN.WND-OK-99.A,--,--,54,573,848,1712,1849,2358,2698,3808,5605,8158,11162,11937,14031,20069,23599,27338,29008,29417,32540,37553,37012,37967,38031
Oklahoma : all utility-scale solar,thousand megawatthours,ELEC.GEN.SUN-OK-99.A,--,--,--,--,--,--,--,--,--,--,--,--,--,--,2,5,33,62,60,63,77,81,79,311,723
Oklahoma : utility-scale photovoltaic,thousand megawatthours,ELEC.GEN.SPV-OK-99.A,--,--,--,--,--,--,--,--,--,--,--,--,--,--,2,5,33,62,60,63,77,81,79,311,723
Oklahoma : utility-scale thermal,thousand megawatthours,ELEC.GEN.STH-OK-99.A,--,--,--,--,--,--,--,--,--,--,--,--,--,--,--,--,--,--,--,--,--,--,--,--,--
Oklahoma : geothermal,thousand megawatthours,ELEC.GEN.GEO-OK-99.A,--,--,--,--,--,--,--,--,--,--,--,--,--,--,--,--,--,--,--,--,--,--,--,--,--
Oklahoma : biomass,thousand megawatthours,ELEC.GEN.BIO-OK-99.A,231,239,267,250,289,297,280,193,231,352,314,363,344,338,336,362,299,329,311,353,318,312,265,332,317
Oklahoma : wood and wood-derived fuels,thousand megawatthours,ELEC.GEN.WWW-OK-99.A,231,239,267,250,289,297,276,23,68,255,227,269,218,247,245,243,231,252,236,275,232,237,191,246,238
Oklahoma : other biomass,thousand megawatthours,ELEC.GEN.WAS-OK-99.A,--,--,0,0,0,0,4,170,163,97,87,94,126,92,91,119,68,77,75,77,87,75,74,85,79
Oklahoma : hydro-electric pumped storage,thousand megawatthours,ELEC.GEN.HPS-OK-99.A,-128,-178,-206,-234,-154,-116,-166,-168,-117,-153,-153,-117,-78,-106,-72,-87,-118,-135,-104,-118,-87,-90,-53,-48,-34
Oklahoma : other,thousand megawatthours,ELEC.GEN.OTH-OK-99.A,--,--,7,9,6,5,25,13,2,0,2,10,2,-2,11,28,48,57,7,5,2,4,18,21,-1
Oklahoma : all solar,thousand megawatthours,ELEC.GEN.TSN-OK-99.A,--,--,--,--,--,--,--,--,--,--,--,--,--,2,5,9,38,73,79,93,128,167,242,540,995
Oklahoma : small-scale solar photovoltaic,thousand megawatthours,ELEC.GEN.DPV-OK-99.A,--,--,--,--,--,--,--,--,--,--,--,--,--,2,3,4,6,11,20,30,52,85,164,229,273
Oklahoma : all utility-scale solar,thousand megawatthours,ELEC.GEN.SUN-OK-99.A,--,--,--,--,--,--,--,--,--,--,--,--,--,--,2,5,33,62,60,63,77,81,79,311,723
Oklahoma : utility-scale photovoltaic,thousand megawatthours,ELEC.GEN.SPV-OK-99.A,--,--,--,--,--,--,--,--,--,--,--,--,--,--,2,5,33,62,60,63,77,81,79,311,723
Oklahoma : utility-scale thermal,thousand megawatthours,ELEC.GEN.STH-OK-99.A,--,--,--,--,--,--,--,--,--,--,--,--,--,--,--,--,--,--,--,--,--,--,--,--,--
Texas,,ELEC.GEN..A,,,,,,,,,,,,,,,,,,,,,,,,,
Texas : all fuels (utility-scale),thousand megawatthours,ELEC.GEN.ALL-TX-99.A,372580,385629,379200,390299,396669,400583,405492,404788,397168,411695,435477,429813,433380,437630,449826,454048,452794,477352,483201,473515,481844,525563,547295,566503,590922
Texas : coal,thousand megawatthours,ELEC.GEN.COW-TX-99.A,135100,141847,146990,148885,148358,146391,147279,147132,139107,150173,157897,138088,149404,148174,121554,121231,134648,111723,91817,78825,88818,85337,71615,65545,68889
Texas : petroleum liquids,thousand megawatthours,ELEC.GEN.PEL-TX-99.A,1890,332,1646,306,201,189,178,117,137,121,137,91,92,102,108,82,74,61,54,48,204,278,176,171,175
Texas : petroleum coke,thousand megawatthours,ELEC.GEN.PC-TX-99.A,914,1289,869,1422,1382,1600,1131,917,1268,587,840,1393,859,176,134,114,90,68,100,93,94,95,59,58,57
Texas : natural gas,thousand megawatthours,ELEC.GEN.NG-TX-99.A,190111,196433,184911,188755,197665,197870,199531,193247,189066,186882,200500,213901,203798,204721,237731,225976,204512,239713,255630,246630,233121,256140,282159,293193,288179
Texas : other gases,thousand megawatthours,ELEC.GEN.OOG-TX-99.A,1574,3053,5999,4204,3272,3798,3601,3401,3649,3291,3390,2999,2400,2307,2579,2514,2472,2526,2869,2611,2218,2430,2327,2532,2426
Texas : nuclear,thousand megawatthours,ELEC.GEN.NUC-TX-99.A,38163,35618,33437,40435,38232,41264,40955,40727,41498,41335,39648,38441,38315,39287,39355,42079,38581,41186,41298,41439,40211,41607,40680,38613,41632
Texas : conventional hydroelectric,thousand megawatthours,ELEC.GEN.HYC-TX-99.A,1200,1123,897,1301,1333,662,1644,1039,1029,1262,563,584,480,386,956,1342,1062,1126,1475,1079,1082,620,758,777,1247
Texas : other renewables,thousand megawatthours,ELEC.GEN.AOR-TX-99.A,2181,3975,3966,4247,5336,7818,10288,17639,21104,27705,32183,34017,37760,42096,46674,59944,70827,80496,89447,102353,115677,138702,149285,165753,189021
Texas : wind,thousand megawatthours,ELEC.GEN.WND-TX-99.A,1188,2656,2570,3138,4237,6671,9006,16225,20026,26251,30548,32214,35874,40005,44833,57531,67061,75700,83620,92441,99474,114787,119855,124278,129458
Texas : all utility-scale solar,thousand megawatthours,ELEC.GEN.SUN-TX-99.A,0,--,--,--,--,--,--,--,--,8,29,118,163,282,401,731,2189,3206,4365,8537,14921,22442,28150,40559,58634
Texas : utility-scale photovoltaic,thousand megawatthours,ELEC.GEN.SPV-TX-99.A,--,--,--,--,--,--,--,--,--,8,29,115,163,282,401,731,2189,3206,4365,8537,14921,22442,28150,40559,58634
Texas : utility-scale thermal,thousand megawatthours,ELEC.GEN.STH-TX-99.A,--,--,--,--,--,--,--,--,--,--,--,3,--,--,--,--,--,--,--,--,--,--,--,--,--
Texas : geothermal,thousand megawatthours,ELEC.GEN.GEO-TX-99.A,--,--,--,--,--,--,--,--,--,--,--,--,--,--,--,--,--,--,--,--,--,--,--,--,--
Texas : biomass,thousand megawatthours,ELEC.GEN.BIO-TX-99.A,993,1319,1396,1109,1098,1148,1281,1414,1078,1445,1606,1684,1723,1808,1440,1683,1577,1590,1461,1376,1281,1473,1280,916,930
Texas : wood and wood-derived fuels,thousand megawatthours,ELEC.GEN.WWW-TX-99.A,898,1073,1036,857,852,892,914,976,649,900,928,984,993,1075,657,948,908,1005,1042,935,939,1151,1103,716,734
Texas : other biomass,thousand megawatthours,ELEC.GEN.WAS-TX-99.A,96,246,360,252,247,256,367,438,429,545,678,700,730,733,784,735,669,585,419,441,342,322,177,201,196
Texas : hydro-electric pumped storage,thousand megawatthours,ELEC.GEN.HPS-TX-99.A,--,--,--,--,--,--,--,--,--,--,--,--,--,--,--,--,--,--,--,--,--,--,--,--,--
Texas : other,thousand megawatthours,ELEC.GEN.OTH-TX-99.A,1447,1957,484,745,890,989,885,569,310,339,319,298,272,381,734,764,528,453,510,436,420,353,236,-140,-703
Texas : all solar,thousand megawatthours,ELEC.GEN.TSN-TX-99.A,--,--,--,--,--,--,--,--,--,--,--,--,--,446,624,1122,2665,3921,5366,10151,17205,25437,32325,45515,64073
Texas : small-scale solar photovoltaic,thousand megawatthours,ELEC.GEN.DPV-TX-99.A,--,--,--,--,--,--,--,--,--,--,--,--,--,164,223,391,476,716,1001,1614,2284,2995,4175,4956,5439
Texas : all utility-scale solar,thousand megawatthours,ELEC.GEN.SUN-TX-99.A,0,--,--,--,--,--,--,--,--,8,29,118,163,282,401,731,2189,3206,4365,8537,14921,22442,28150,40559,58634
Texas : utility-scale photovoltaic,thousand megawatthours,ELEC.GEN.SPV-TX-99.A,--,--,--,--,--,--,--,--,--,8,29,115,163,282,401,731,2189,3206,4365,8537,14921,22442,28150,40559,58634
Texas : utility-scale thermal,thousand megawatthours,ELEC.GEN.STH-TX-99.A,--,--,--,--,--,--,--,--,--,--,--,3,--,--,--,--,--,--,--,--,--,--,--,--,--
Mountain,,ELEC.GEN..A,,,,,,,,,,,,,,,,,,,,,,,,,
Mountain : all fuels (utility-scale),thousand megawatthours,ELEC.GEN.ALL-MTN-99.A,318485,318135,325285,343713,348941,352510,367325,379687,369302,366054,364847,367566,376452,373334,373168,364116,361265,371498,372421,358058,370201,375324,372230,--,--
Mountain : coal,thousand megawatthours,ELEC.GEN.COW-MTN-99.A,215728,208770,215565,220623,221280,210740,210644,213745,201174,206551,199443,191985,202289,194556,181645,161149,161264,151985,140704,112642,122498,118765,98285,--,--
Mountain : petroleum liquids,thousand megawatthours,ELEC.GEN.PEL-MTN-99.A,1567,247,243,282,218,284,236,241,236,265,255,222,210,240,213,226,209,186,367,-15,220,183,172,--,--
Mountain : petroleum coke,thousand megawatthours,ELEC.GEN.PC-MTN-99.A,497,456,388,417,398,397,463,404,478,395,443,454,448,403,483,443,445,429,449,447,442,454,481,--,--
Mountain : natural gas,thousand megawatthours,ELEC.GEN.NG-MTN-99.A,42128,44413,47994,61114,66966,77117,92188,93874,91771,81599,71090,84720,85260,83134,97008,99018,88026,105259,115932,123034,116487,114153,129519,--,--
Mountain : other gases,thousand megawatthours,ELEC.GEN.OOG-MTN-99.A,8,67,40,59,289,327,337,332,316,323,305,294,289,342,436,422,390,397,313,431,385,339,365,--,--
Mountain : nuclear,thousand megawatthours,ELEC.GEN.NUC-MTN-99.A,28724,30862,28581,28113,25807,24012,26782,29250,30662,31200,31278,31934,31431,32321,32526,32377,32340,31097,31920,31552,31630,31943,31523,--,--
Mountain : conventional hydroelectric,thousand megawatthours,ELEC.GEN.HYC-MTN-99.A,27093,30546,28335,28283,29415,33803,30253,32254,32787,30863,42097,34743,29229,32362,30801,31856,34769,35170,32621,32377,28176,28035,27817,--,--
Mountain : other renewables,thousand megawatthours,ELEC.GEN.AOR-MTN-99.A,2493,2612,2654,3552,4484,5756,6282,9316,11333,14084,19305,22677,26836,29594,29642,38116,43485,46478,49611,57105,69644,80791,83476,--,--
Mountain : wind,thousand megawatthours,ELEC.GEN.WND-MTN-99.A,414,586,696,1350,2288,3486,4108,6651,8260,10484,15317,17080,19285,20257,18945,23842,24719,26339,28534,33724,43073,50193,49227,--,--
Mountain : all utility-scale solar,thousand megawatthours,ELEC.GEN.SUN-MTN-99.A,0,0,0,4,14,13,55,189,214,284,607,1930,3495,4926,6012,9263,13919,15085,15625,17959,21033,25084,28560,--,--
Mountain : utility-scale photovoltaic,thousand megawatthours,ELEC.GEN.SPV-MTN-99.A,--,--,0,4,14,13,13,66,93,148,477,1801,3293,4206,5184,8375,13035,14003,14673,17076,20168,24196,27614,--,--
Mountain : utility-scale thermal,thousand megawatthours,ELEC.GEN.STH-MTN-99.A,--,--,--,--,--,0,42,123,121,136,130,129,202,720,828,888,884,1082,952,883,865,888,946,--,--
Mountain : geothermal,thousand megawatthours,ELEC.GEN.GEO-MTN-99.A,1353,1345,1264,1492,1448,1534,1417,1723,1988,2419,2540,2757,3029,3338,3625,3925,3870,4004,4373,4321,4481,4519,4733,--,--
Mountain : biomass,thousand megawatthours,ELEC.GEN.BIO-MTN-99.A,726,681,694,706,735,723,703,753,870,897,842,911,1027,1073,1060,1086,977,1049,1078,1101,1057,995,957,--,--
Mountain : wood and wood-derived fuels,thousand megawatthours,ELEC.GEN.WWW-MTN-99.A,599,572,612,623,644,623,592,642,711,717,618,617,564,646,625,695,593,686,713,721,700,665,613,--,--
Mountain : other biomass,thousand megawatthours,ELEC.GEN.WAS-MTN-99.A,127,109,81,83,91,100,111,111,160,180,223,294,462,427,435,390,383,363,365,380,358,331,344,--,--
Mountain : hydro-electric pumped storage,thousand megawatthours,ELEC.GEN.HPS-MTN-99.A,26,-96,80,-245,-15,-52,-43,-155,61,88,-122,-165,-256,-211,-205,-236,-372,-267,-189,-89,55,76,161,--,--
Mountain : other,thousand megawatthours,ELEC.GEN.OTH-MTN-99.A,221,259,1405,1515,99,127,184,427,484,686,753,702,715,594,621,744,708,764,694,574,665,587,432,--,--
Mountain : all solar,thousand megawatthours,ELEC.GEN.TSN-MTN-99.A,--,--,--,--,--,--,--,--,--,--,--,--,--,6659,8186,12031,17284,19140,20363,23490,27829,33450,38769,--,--
Mountain : small-scale solar photovoltaic,thousand megawatthours,ELEC.GEN.DPV-MTN-99.A,--,--,--,--,--,--,--,--,--,--,--,--,--,1733,2174,2767,3365,4055,4738,5530,6797,8367,10209,--,--
Mountain : all utility-scale solar,thousand megawatthours,ELEC.GEN.SUN-MTN-99.A,0,0,0,4,14,13,55,189,214,284,607,1930,3495,4926,6012,9263,13919,15085,15625,17959,21033,25084,28560,--,--
Mountain : utility-scale photovoltaic,thousand megawatthours,ELEC.GEN.SPV-MTN-99.A,--,--,0,4,14,13,13,66,93,148,477,1801,3293,4206,5184,8375,13035,14003,14673,17076,20168,24196,27614,--,--
Mountain : utility-scale thermal,thousand megawatthours,ELEC.GEN.STH-MTN-99.A,--,--,--,--,--,0,42,123,121,136,130,129,202,720,828,888,884,1082,952,883,865,888,946,--,--
Arizona,,ELEC.GEN..A,,,,,,,,,,,,,,,,,,,,,,,,,
Arizona : all fuels (utility-scale),thousand megawatthours,ELEC.GEN.ALL-AZ-99.A,89911,94132,94396,104564,101479,104393,113341,119459,111971,111751,108125,110905,113326,112257,113142,108763,105852,111925,113552,109305,108605,104699,111839,116027,116812
Arizona : coal,thousand megawatthours,ELEC.GEN.COW-AZ-99.A,40061,38227,38091,39811,40144,40443,41275,43840,39707,43644,43702,40116,43492,42665,36167,30403,31396,30745,23218,13747,14301,13449,12069,9815,9219
Arizona : petroleum liquids,thousand megawatthours,ELEC.GEN.PEL-AZ-99.A,314,57,49,41,43,73,49,52,63,66,53,42,43,57,48,52,57,50,64,40,44,32,32,30,40
Arizona : petroleum coke,thousand megawatthours,ELEC.GEN.PC-AZ-99.A,0,--,--,--,--,--,0,0,0,0,0,--,--,--,--,--,--,--,--,--,--,--,--,--,--
Arizona : natural gas,thousand megawatthours,ELEC.GEN.NG-AZ-99.A,12872,17293,18933,28265,28893,32869,38469,38822,34739,29676,23253,30295,29685,27242,33657,34183,29591,37168,46084,50778,48053,45053,52818,55090,52728
Arizona : other gases,thousand megawatthours,ELEC.GEN.OOG-AZ-99.A,--,--,--,--,--,--,--,--,--,--,--,--,--,--,--,--,--,--,--,--,--,--,--,--,--
Arizona : nuclear,thousand megawatthours,ELEC.GEN.NUC-AZ-99.A,28724,30862,28581,28113,25807,24012,26782,29250,30662,31200,31278,31934,31431,32321,32526,32377,32340,31097,31920,31552,31630,31943,31523,32388,31322
Arizona : conventional hydroelectric,thousand megawatthours,ELEC.GEN.HYC-AZ-99.A,7624,7427,7075,6973,6410,6793,6598,7286,6427,6622,9174,6717,5915,6118,6536,7168,6832,6982,6204,6424,5973,5298,5937,5314,4939
Arizona : other renewables,thousand megawatthours,ELEC.GEN.AOR-AZ-99.A,39,54,45,48,74,54,42,114,202,319,529,1698,2733,3840,4135,4522,5683,5890,6063,6704,8521,8838,9365,13546,18977
Arizona : wind,thousand megawatthours,ELEC.GEN.WND-AZ-99.A,--,--,--,--,--,--,--,--,30,135,256,532,450,468,452,542,570,530,554,644,1600,1564,1733,2540,3150
Arizona : all utility-scale solar,thousand megawatthours,ELEC.GEN.SUN-AZ-99.A,0,0,0,4,14,13,9,15,14,16,83,955,2111,3142,3457,3766,4942,5140,5278,5837,6711,7069,7438,10821,15614
Arizona : utility-scale photovoltaic,thousand megawatthours,ELEC.GEN.SPV-AZ-99.A,--,--,0,4,14,13,8,14,14,13,81,955,2022,2538,2738,3122,4218,4364,4486,5062,6016,6373,6663,9992,14768
Arizona : utility-scale thermal,thousand megawatthours,ELEC.GEN.STH-AZ-99.A,--,--,--,--,--,0,1,1,1,3,2,0,89,604,719,644,724,776,792,776,695,696,775,828,846
Arizona : geothermal,thousand megawatthours,ELEC.GEN.GEO-AZ-99.A,--,--,--,--,--,--,--,--,--,--,--,--,--,--,--,--,--,--,--,--,--,--,--,--,--
Arizona : biomass,thousand megawatthours,ELEC.GEN.BIO-AZ-99.A,39,53,45,44,60,40,33,99,159,168,190,211,171,231,227,214,171,219,231,223,210,204,193,184,213
Arizona : wood and wood-derived fuels,thousand megawatthours,ELEC.GEN.WWW-AZ-99.A,--,--,--,--,12,8,--,76,137,140,144,157,102,170,177,176,133,182,200,201,191,186,175,168,196
Arizona : other biomass,thousand megawatthours,ELEC.GEN.WAS-AZ-99.A,39,53,45,44,48,32,33,23,22,28,47,54,69,61,50,38,39,37,31,22,19,19,18,17,17
Arizona : hydro-electric pumped storage,thousand megawatthours,ELEC.GEN.HPS-AZ-99.A,276,124,284,-53,107,149,125,95,169,209,121,79,24,14,73,59,-46,-5,2,62,91,97,136,69,71
Arizona : other,thousand megawatthours,ELEC.GEN.OTH-AZ-99.A,--,88,1339,1368,--,--,--,--,2,15,15,24,3,0,--,--,-1,-3,-4,-3,-8,-11,-40,-224,-483
Arizona : all solar,thousand megawatthours,ELEC.GEN.TSN-AZ-99.A,--,--,--,--,--,--,--,--,--,--,--,--,--,4243,4827,5369,6835,7406,7850,8749,10081,11063,12309,16266,21399
Arizona : small-scale solar photovoltaic,thousand megawatthours,ELEC.GEN.DPV-AZ-99.A,--,--,--,--,--,--,--,--,--,--,--,--,--,1101,1370,1603,1893,2265,2572,2912,3371,3994,4871,5446,5785
Arizona : all utility-scale solar,thousand megawatthours,ELEC.GEN.SUN-AZ-99.A,0,0,0,4,14,13,9,15,14,16,83,955,2111,3142,3457,3766,4942,5140,5278,5837,6711,7069,7438,10821,15614
Arizona : utility-scale photovoltaic,thousand megawatthours,ELEC.GEN.SPV-AZ-99.A,--,--,0,4,14,13,8,14,14,13,81,955,2022,2538,2738,3122,4218,4364,4486,5062,6016,6373,6663,9992,14768
Arizona : utility-scale thermal,thousand megawatthours,ELEC.GEN.STH-AZ-99.A,--,--,--,--,--,0,1,1,1,3,2,0,89,604,719,644,724,776,792,776,695,696,775,828,846
Colorado,,ELEC.GEN..A,,,,,,,,,,,,,,,,,,,,,,,,,
Colorado : all fuels (utility-scale),thousand megawatthours,ELEC.GEN.ALL-CO-99.A,46876,45600,46617,47869,49617,50698,53907,53442,50566,50721,51433,52557,52937,53847,52393,54418,53844,55386,56338,54115,56838,58044,57542,58798,56847
Colorado : coal,thousand megawatthours,ELEC.GEN.COW-CO-99.A,35951,35388,36116,35848,35570,36269,35936,34828,31636,34559,33955,34521,33703,32545,31541,29949,29242,26382,25321,19478,23602,21723,18788,16478,14018
Colorado : petroleum liquids,thousand megawatthours,ELEC.GEN.PEL-CO-99.A,176,23,34,14,17,21,28,19,13,17,22,11,10,10,7,7,7,12,8,-189,28,27,48,42,NM
Colorado : petroleum coke,thousand megawatthours,ELEC.GEN.PC-CO-99.A,--,--,--,--,--,--,--,--,--,--,--,--,--,--,--,--,--,--,--,--,--,--,--,--,--
Colorado : natural gas,thousand megawatthours,ELEC.GEN.NG-CO-99.A,9392,9028,9226,10747,11923,11919,15014,13487,13840,11062,10186,10524,10709,11954,11644,12679,12532,16398,17097,18171,14560,15446,17220,17927,18112
Colorado : other gases,thousand megawatthours,ELEC.GEN.OOG-CO-99.A,--,3,4,2,2,3,2,0,0,0,--,--,--,--,--,--,--,--,--,21,6,3,0,--,--
Colorado : nuclear,thousand megawatthours,ELEC.GEN.NUC-CO-99.A,--,--,--,--,--,--,--,--,--,--,--,--,--,--,--,--,--,--,--,--,--,--,--,--,--
Colorado : conventional hydroelectric,thousand megawatthours,ELEC.GEN.HYC-CO-99.A,1495,1209,1262,1195,1415,1791,1730,2039,1886,1578,2083,1497,1213,1770,1620,1903,1897,1825,1811,1669,1598,1345,1597,1660,1852
Colorado : other renewables,thousand megawatthours,ELEC.GEN.AOR-CO-99.A,113,169,179,255,811,896,1325,3284,3246,3555,5367,6192,7536,7747,7807,10122,10435,10972,12233,15056,17025,19474,19840,22629,22779
Colorado : wind,thousand megawatthours,ELEC.GEN.WND-CO-99.A,49,139,147,220,776,866,1292,3221,3164,3452,5200,5969,7204,7369,7475,9421,9315,9745,10852,13386,15126,16911,16091,17602,17118
Colorado : all utility-scale solar,thousand megawatthours,ELEC.GEN.SUN-CO-99.A,--,--,--,--,--,--,2,18,26,42,105,165,248,253,251,538,954,1062,1218,1504,1730,2400,3616,4939,5586
Colorado : utility-scale photovoltaic,thousand megawatthours,ELEC.GEN.SPV-CO-99.A,--,--,--,--,--,--,2,18,26,42,105,165,248,253,251,538,954,1062,1218,1504,1730,2400,3616,4939,5586
Colorado : utility-scale thermal,thousand megawatthours,ELEC.GEN.STH-CO-99.A,--,--,--,--,--,--,--,--,--,--,--,--,--,--,--,--,--,--,--,--,--,--,--,--,--
Colorado : geothermal,thousand megawatthours,ELEC.GEN.GEO-CO-99.A,--,--,--,--,--,--,--,--,--,--,--,--,--,--,--,--,--,--,--,--,--,--,--,--,--
Colorado : biomass,thousand megawatthours,ELEC.GEN.BIO-CO-99.A,64,30,31,35,34,31,31,45,57,60,62,58,84,126,81,162,166,164,162,166,169,163,134,88,75
Colorado : wood and wood-derived fuels,thousand megawatthours,ELEC.GEN.WWW-CO-99.A,--,--,0,0,0,0,0,0,0,2,0,0,3,47,1,86,91,89,89,92,95,90,64,13,0
Colorado : other biomass,thousand megawatthours,ELEC.GEN.WAS-CO-99.A,64,30,31,35,34,31,31,45,56,58,62,58,81,79,80,76,75,76,74,74,74,73,69,75,75
Colorado : hydro-electric pumped storage,thousand megawatthours,ELEC.GEN.HPS-CO-99.A,-251,-220,-204,-192,-122,-201,-168,-249,-109,-121,-243,-244,-280,-225,-279,-294,-327,-263,-192,-151,-36,-21,25,67,57
Colorado : other,thousand megawatthours,ELEC.GEN.OTH-CO-99.A,0,0,--,--,0,0,41,33,53,70,63,55,46,47,52,53,57,59,60,59,55,48,25,-4,5
Colorado : all solar,thousand megawatthours,ELEC.GEN.TSN-CO-99.A,--,--,--,--,--,--,--,--,--,--,--,--,--,606,643,999,1485,1653,1852,2204,2786,3772,5319,6974,7820
Colorado : small-scale solar photovoltaic,thousand megawatthours,ELEC.GEN.DPV-CO-99.A,--,--,--,--,--,--,--,--,--,--,--,--,--,353,391,461,531,590,633,701,1056,1372,1704,2035,2233
Colorado : all utility-scale solar,thousand megawatthours,ELEC.GEN.SUN-CO-99.A,--,--,--,--,--,--,2,18,26,42,105,165,248,253,251,538,954,1062,1218,1504,1730,2400,3616,4939,5586
Colorado : utility-scale photovoltaic,thousand megawatthours,ELEC.GEN.SPV-CO-99.A,--,--,--,--,--,--,2,18,26,42,105,165,248,253,251,538,954,1062,1218,1504,1730,2400,3616,4939,5586
Colorado : utility-scale thermal,thousand megawatthours,ELEC.GEN.STH-CO-99.A,--,--,--,--,--,--,--,--,--,--,--,--,--,--,--,--,--,--,--,--,--,--,--,--,--
Idaho,,ELEC.GEN..A,,,,,,,,,,,,,,,,,,,,,,,,,
Idaho : all fuels (utility-scale),thousand megawatthours,ELEC.GEN.ALL-ID-99.A,9347,9787,10423,10863,10825,13386,11484,11971,13100,12025,16569,15499,15186,15184,15667,15661,17396,18172,18408,17686,16836,16278,17842,20035,20762
Idaho : coal,thousand megawatthours,ELEC.GEN.COW-ID-99.A,72,91,90,99,95,82,84,90,83,88,83,77,92,78,79,29,24,20,21,20,16,6,0,0,0
Idaho : petroleum liquids,thousand megawatthours,ELEC.GEN.PEL-ID-99.A,4,0,0,0,0,0,0,0,0,0,0,0,0,0,0,0,0,0,0,0,0,0,0,0,0
Idaho : petroleum coke,thousand megawatthours,ELEC.GEN.PC-ID-99.A,--,--,--,--,--,--,--,--,--,--,--,--,--,--,--,--,--,--,--,--,--,--,--,--,--
Idaho : natural gas,thousand megawatthours,ELEC.GEN.NG-ID-99.A,1405,329,1375,1704,1597,1298,1657,1700,1644,1689,1111,1898,3392,2553,3804,3321,3079,3279,4267,4157,4935,4335,5686,6285,5706
Idaho : other gases,thousand megawatthours,ELEC.GEN.OOG-ID-99.A,--,--,--,--,--,--,--,--,--,--,--,--,--,--,--,--,--,--,--,--,--,--,--,--,--
Idaho : nuclear,thousand megawatthours,ELEC.GEN.NUC-ID-99.A,--,--,--,--,--,--,--,--,--,--,--,--,--,--,--,--,--,--,--,--,--,--,--,--,--
Idaho : conventional hydroelectric,thousand megawatthours,ELEC.GEN.HYC-ID-99.A,7223,8769,8354,8462,8542,11242,9022,9363,10434,9154,13405,10940,8473,9002,8757,9033,10670,11024,10333,9508,7995,8360,8378,9150,9718
Idaho : other renewables,thousand megawatthours,ELEC.GEN.AOR-ID-99.A,533,508,541,560,560,690,653,748,867,1014,1892,2515,3152,3477,2947,3212,3554,3785,3721,3948,3828,3527,3706,4531,5311
Idaho : wind,thousand megawatthours,ELEC.GEN.WND-ID-99.A,--,--,--,--,--,170,172,207,313,441,1307,1891,2460,2806,2270,2578,2545,2655,2551,2771,2680,2442,2320,3016,3100
Idaho : all utility-scale solar,thousand megawatthours,ELEC.GEN.SUN-ID-99.A,--,--,--,--,--,--,--,--,--,--,--,--,--,--,--,30,459,556,557,566,565,533,854,1018,1621
Idaho : utility-scale photovoltaic,thousand megawatthours,ELEC.GEN.SPV-ID-99.A,--,--,--,--,--,--,--,--,--,--,--,--,--,--,--,30,459,556,557,566,565,533,854,1018,1621
Idaho : utility-scale thermal,thousand megawatthours,ELEC.GEN.STH-ID-99.A,--,--,--,--,--,--,--,--,--,--,--,--,--,--,--,--,--,--,--,--,--,--,--,--,--
Idaho : geothermal,thousand megawatthours,ELEC.GEN.GEO-ID-99.A,--,--,--,--,--,--,--,86,76,72,63,75,40,79,76,72,84,83,96,91,93,91,89,92,82
Idaho : biomass,thousand megawatthours,ELEC.GEN.BIO-ID-99.A,533,508,541,560,560,520,481,455,478,501,522,549,652,593,601,532,465,491,518,521,490,460,444,405,509
Idaho : wood and wood-derived fuels,thousand megawatthours,ELEC.GEN.WWW-ID-99.A,533,508,541,560,560,520,481,455,478,478,474,460,454,417,426,413,349,394,404,406,394,369,354,308,408
Idaho : other biomass,thousand megawatthours,ELEC.GEN.WAS-ID-99.A,--,--,--,--,--,--,--,--,0,24,48,90,198,175,175,118,117,96,113,115,96,91,90,97,101
Idaho : hydro-electric pumped storage,thousand megawatthours,ELEC.GEN.HPS-ID-99.A,--,--,--,--,--,--,--,--,--,--,--,--,--,--,--,--,--,--,--,--,--,--,--,--,--
Idaho : other,thousand megawatthours,ELEC.GEN.OTH-ID-99.A,109,90,63,38,31,73,69,70,72,79,78,69,77,75,81,65,68,64,66,53,62,51,72,69,27
Idaho : all solar,thousand megawatthours,ELEC.GEN.TSN-ID-99.A,--,--,--,--,--,--,--,--,--,--,--,--,--,4,6,40,476,589,615,653,684,712,1092,1294,1931
Idaho : small-scale solar photovoltaic,thousand megawatthours,ELEC.GEN.DPV-ID-99.A,--,--,--,--,--,--,--,--,--,--,--,--,--,4,6,10,16,33,58,87,119,179,238,276,310
Idaho : all utility-scale solar,thousand megawatthours,ELEC.GEN.SUN-ID-99.A,--,--,--,--,--,--,--,--,--,--,--,--,--,--,--,30,459,556,557,566,565,533,854,1018,1621
Idaho : utility-scale photovoltaic,thousand megawatthours,ELEC.GEN.SPV-ID-99.A,--,--,--,--,--,--,--,--,--,--,--,--,--,--,--,30,459,556,557,566,565,533,854,1018,1621
Idaho : utility-scale thermal,thousand megawatthours,ELEC.GEN.STH-ID-99.A,--,--,--,--,--,--,--,--,--,--,--,--,--,--,--,--,--,--,--,--,--,--,--,--,--
Montana,,ELEC.GEN..A,,,,,,,,,,,,,,,,,,,,,,,,,
Montana : all fuels (utility-scale),thousand megawatthours,ELEC.GEN.ALL-MT-99.A,24232,25474,26269,26789,27939,28244,28931,29637,26713,29791,30129,27805,27687,30258,29302,27784,28221,28213,27797,23353,24948,27089,26896,26873,28503
Montana : coal,thousand megawatthours,ELEC.GEN.COW-MT-99.A,17036,15338,17049,17380,17823,17085,18357,18332,15611,18601,15056,13987,14880,15579,16013,14269,13864,13360,14101,8490,10876,11651,11553,9785,10024
Montana : petroleum liquids,thousand megawatthours,ELEC.GEN.PEL-MT-99.A,1,14,15,22,17,22,16,16,13,13,18,13,15,26,14,17,13,17,16,10,9,11,10,19,13
Montana : petroleum coke,thousand megawatthours,ELEC.GEN.PC-MT-99.A,497,456,388,417,398,397,463,404,478,395,443,454,448,403,483,443,445,429,449,447,442,454,481,375,455
Montana : natural gas,thousand megawatthours,ELEC.GEN.NG-MT-99.A,20,17,25,28,27,68,106,66,78,57,418,464,614,515,599,476,417,476,507,291,528,729,1002,995,1319
Montana : other gases,thousand megawatthours,ELEC.GEN.OOG-MT-99.A,--,19,20,23,15,11,19,6,1,2,0,0,0,0,17,9,14,12,10,12,13,4,10,5,3
Montana : nuclear,thousand megawatthours,ELEC.GEN.NUC-MT-99.A,--,--,--,--,--,--,--,--,--,--,--,--,--,--,--,--,--,--,--,--,--,--,--,--,--
Montana : conventional hydroelectric,thousand megawatthours,ELEC.GEN.HYC-MT-99.A,6613,9567,8702,8856,9587,10130,9364,10000,9506,9415,12596,11283,9638,11483,9888,10083,10946,11405,10005,10748,9258,9886,8792,9220,9791
Montana : other renewables,thousand megawatthours,ELEC.GEN.AOR-MT-99.A,65,63,71,62,72,530,607,704,916,1027,1265,1262,1760,1987,1986,2160,2190,2209,2423,3125,3538,4081,4825,6216,6638
Montana : wind,thousand megawatthours,ELEC.GEN.WND-MT-99.A,--,--,--,--,--,436,496,593,821,930,1265,1262,1755,1974,1965,2140,2155,2153,2373,3059,3473,4022,4557,5815,6252
Montana : all utility-scale solar,thousand megawatthours,ELEC.GEN.SUN-MT-99.A,--,--,--,--,--,--,--,--,--,--,--,--,--,--,--,--,14,34,29,33,33,32,240,366,348
Montana : utility-scale photovoltaic,thousand megawatthours,ELEC.GEN.SPV-MT-99.A,--,--,--,--,--,--,--,--,--,--,--,--,--,--,--,--,14,34,29,33,33,32,240,366,348
Montana : utility-scale thermal,thousand megawatthours,ELEC.GEN.STH-MT-99.A,--,--,--,--,--,--,--,--,--,--,--,--,--,--,--,--,--,--,--,--,--,--,--,--,--
Montana : geothermal,thousand megawatthours,ELEC.GEN.GEO-MT-99.A,--,--,--,--,--,--,--,--,--,--,--,--,--,--,--,--,--,--,--,--,--,--,--,--,--
Montana : biomass,thousand megawatthours,ELEC.GEN.BIO-MT-99.A,65,63,71,62,72,94,111,111,95,97,--,--,5,13,21,20,21,21,20,33,32,28,27,35,38
Montana : wood and wood-derived fuels,thousand megawatthours,ELEC.GEN.WWW-MT-99.A,65,63,71,62,72,94,111,111,95,97,--,--,5,13,21,20,21,21,20,21,21,19,20,17,21
Montana : other biomass,thousand megawatthours,ELEC.GEN.WAS-MT-99.A,--,--,--,--,--,--,--,--,--,--,--,--,--,--,--,--,--,--,--,12,12,9,8,18,17
Montana : hydro-electric pumped storage,thousand megawatthours,ELEC.GEN.HPS-MT-99.A,--,--,--,--,--,--,--,--,--,--,--,--,--,--,--,--,--,--,--,--,--,--,--,--,--
Montana : other,thousand megawatthours,ELEC.GEN.OTH-MT-99.A,--,--,--,--,--,--,--,111,110,281,333,341,332,265,303,327,332,305,287,231,283,272,224,256,261
Montana : all solar,thousand megawatthours,ELEC.GEN.TSN-MT-99.A,--,--,--,--,--,--,--,--,--,--,--,--,--,11,8,11,29,54,54,67,76,85,316,473,496
Montana : small-scale solar photovoltaic,thousand megawatthours,ELEC.GEN.DPV-MT-99.A,--,--,--,--,--,--,--,--,--,--,--,--,--,11,8,11,15,20,24,34,43,53,76,107,148
Montana : all utility-scale solar,thousand megawatthours,ELEC.GEN.SUN-MT-99.A,--,--,--,--,--,--,--,--,--,--,--,--,--,--,--,--,14,34,29,33,33,32,240,366,348
Montana : utility-scale photovoltaic,thousand megawatthours,ELEC.GEN.SPV-MT-99.A,--,--,--,--,--,--,--,--,--,--,--,--,--,--,--,--,14,34,29,33,33,32,240,366,348
Montana : utility-scale thermal,thousand megawatthours,ELEC.GEN.STH-MT-99.A,--,--,--,--,--,--,--,--,--,--,--,--,--,--,--,--,--,--,--,--,--,--,--,--,--
Nevada,,ELEC.GEN..A,,,,,,,,,,,,,,,,,,,,,,,,,
Nevada : all fuels (utility-scale),thousand megawatthours,ELEC.GEN.ALL-NV-99.A,33876,32089,33195,37667,40214,31860,32670,35090,37705,35146,31936,35173,36444,36001,39047,39787,38201,39640,39890,40425,41755,42592,42164,45528,45040
Nevada : coal,thousand megawatthours,ELEC.GEN.COW-NV-99.A,17737,16413,17086,18257,18384,7254,7091,7812,7540,6997,5407,4079,5255,6548,2657,2167,1866,2485,2735,1953,2752,2735,2060,2323,2589
Nevada : petroleum liquids,thousand megawatthours,ELEC.GEN.PEL-NV-99.A,912,25,17,96,21,17,11,14,16,11,14,19,19,15,16,11,9,10,12,6,8,9,8,6,7
Nevada : petroleum coke,thousand megawatthours,ELEC.GEN.PC-NV-99.A,--,--,--,--,--,--,--,--,--,--,--,--,--,--,--,--,--,--,--,--,--,--,--,--,--
Nevada : natural gas,thousand megawatthours,ELEC.GEN.NG-NV-99.A,11514,12211,13253,16381,18836,21184,22263,23972,25878,23688,21841,25647,24767,22961,29000,28922,26626,26689,25775,26801,26130,24844,24599,24999,22866
Nevada : other gases,thousand megawatthours,ELEC.GEN.OOG-NV-99.A,--,45,17,21,8,4,4,2,2,6,7,7,6,5,6,1,0,0,0,0,0,0,0,0,0
Nevada : nuclear,thousand megawatthours,ELEC.GEN.NUC-NV-99.A,--,--,--,--,--,--,--,--,--,--,--,--,--,--,--,--,--,--,--,--,--,--,--,--,--
Nevada : conventional hydroelectric,thousand megawatthours,ELEC.GEN.HYC-NV-99.A,2514,2268,1757,1615,1702,2058,2003,1751,2461,2157,2191,2440,2682,2389,2264,1789,1813,1881,2242,1923,1944,1686,1319,1606,1885
Nevada : other renewables,thousand megawatthours,ELEC.GEN.AOR-NV-99.A,1200,1127,1066,1298,1263,1344,1297,1539,1808,2287,2437,2969,3690,4067,5103,6877,7857,8546,9103,9715,10893,13311,14192,16712,17919
Nevada : wind,thousand megawatthours,ELEC.GEN.WND-NV-99.A,--,--,--,--,--,--,--,--,--,--,--,129,251,300,310,344,361,312,329,325,340,316,291,319,351
Nevada : all utility-scale solar,thousand megawatthours,ELEC.GEN.SUN-NV-99.A,--,--,--,--,--,--,44,156,174,217,291,473,745,1014,1657,3124,4146,4719,4811,5535,6585,9030,9696,12455,13640
Nevada : utility-scale photovoltaic,thousand megawatthours,ELEC.GEN.SPV-NV-99.A,--,--,--,--,--,--,3,33,54,84,163,344,633,897,1548,2880,3986,4413,4650,5427,6415,8837,9525,12210,13492
Nevada : utility-scale thermal,thousand megawatthours,ELEC.GEN.STH-NV-99.A,--,--,--,--,--,--,41,123,121,133,128,129,113,116,109,244,160,306,160,107,170,192,172,245,148
Nevada : geothermal,thousand megawatthours,ELEC.GEN.GEO-NV-99.A,1200,1127,1066,1298,1263,1344,1253,1383,1633,2070,2146,2347,2670,2729,3111,3353,3292,3462,3909,3801,3917,3917,4150,3886,3875
Nevada : biomass,thousand megawatthours,ELEC.GEN.BIO-NV-99.A,--,--,--,--,--,--,--,--,1,0,0,19,24,25,26,55,58,53,54,54,50,49,54,52,54
Nevada : wood and wood-derived fuels,thousand megawatthours,ELEC.GEN.WWW-NV-99.A,--,--,--,--,--,--,--,--,1,0,0,0,0,0,--,--,--,--,--,--,--,--,--,--,--
Nevada : other biomass,thousand megawatthours,ELEC.GEN.WAS-NV-99.A,--,--,--,--,--,--,--,--,--,--,--,19,24,25,26,55,58,53,54,54,50,49,54,52,54
Nevada : hydro-electric pumped storage,thousand megawatthours,ELEC.GEN.HPS-NV-99.A,--,--,--,--,--,--,--,--,--,--,--,--,--,--,--,--,--,--,--,--,--,--,--,--,--
Nevada : other,thousand megawatthours,ELEC.GEN.OTH-NV-99.A,--,--,--,--,--,--,--,--,--,0,38,12,25,15,1,21,32,29,22,26,27,6,-13,-118,-225
Nevada : all solar,thousand megawatthours,ELEC.GEN.TSN-NV-99.A,--,--,--,--,--,--,--,--,--,--,--,--,--,1117,1844,3496,4558,5215,5491,6407,7656,10415,11381,14497,15911
Nevada : small-scale solar photovoltaic,thousand megawatthours,ELEC.GEN.DPV-NV-99.A,--,--,--,--,--,--,--,--,--,--,--,--,--,104,186,372,412,496,680,872,1071,1385,1685,2042,2272
Nevada : all utility-scale solar,thousand megawatthours,ELEC.GEN.SUN-NV-99.A,--,--,--,--,--,--,44,156,174,217,291,473,745,1014,1657,3124,4146,4719,4811,5535,6585,9030,9696,12455,13640
Nevada : utility-scale photovoltaic,thousand megawatthours,ELEC.GEN.SPV-NV-99.A,--,--,--,--,--,--,3,33,54,84,163,344,633,897,1548,2880,3986,4413,4650,5427,6415,8837,9525,12210,13492
Nevada : utility-scale thermal,thousand megawatthours,ELEC.GEN.STH-NV-99.A,--,--,--,--,--,--,41,123,121,133,128,129,113,116,109,244,160,306,160,107,170,192,172,245,148
New Mexico,,ELEC.GEN..A,,,,,,,,,,,,,,,,,,,,,,,,,
New Mexico : all fuels (utility-scale),thousand megawatthours,ELEC.GEN.ALL-NM-99.A,33612,30662,32736,32940,35136,37266,35985,37010,39674,36252,38181,36636,35871,32306,32701,32912,33597,32674,35175,34076,35192,40889,39269,39697,39167
New Mexico : coal,thousand megawatthours,ELEC.GEN.COW-NM-99.A,28402,26903,28813,29264,29947,29859,27604,27014,29117,25618,27141,24994,24145,20356,20440,18365,18414,13402,14692,12788,12536,13292,7372,8432,8182
New Mexico : petroleum liquids,thousand megawatthours,ELEC.GEN.PEL-NM-99.A,66,33,51,31,37,41,44,53,45,50,38,46,58,63,63,52,41,21,184,33,33,19,1,1,NM
New Mexico : petroleum coke,thousand megawatthours,ELEC.GEN.PC-NM-99.A,--,--,--,--,--,--,--,--,--,--,--,--,--,--,--,--,--,--,--,--,--,--,--,--,--
New Mexico : natural gas,thousand megawatthours,ELEC.GEN.NG-NM-99.A,4887,3442,3519,2993,4187,5890,6660,7966,8661,8512,8566,8799,8975,8976,9365,9958,9132,11628,11803,12002,10093,10978,14231,11648,10507
New Mexico : other gases,thousand megawatthours,ELEC.GEN.OOG-NM-99.A,--,--,--,--,--,--,--,--,--,--,--,--,--,--,--,--,--,--,--,--,--,--,--,--,--
New Mexico : nuclear,thousand megawatthours,ELEC.GEN.NUC-NM-99.A,--,--,--,--,--,--,--,--,--,--,--,--,--,--,--,--,--,--,--,--,--,--,--,--,--
New Mexico : conventional hydroelectric,thousand megawatthours,ELEC.GEN.HYC-NM-99.A,237,265,171,139,165,198,268,312,271,217,195,223,92,98,99,148,193,150,158,203,123,121,108,153,185
New Mexico : other renewables,thousand megawatthours,ELEC.GEN.AOR-NM-99.A,19,19,183,513,799,1277,1409,1662,1580,1855,2242,2574,2600,2813,2734,4389,5818,7474,8339,9051,12407,16480,17576,19474,20393
New Mexico : wind,thousand megawatthours,ELEC.GEN.WND-NM-99.A,--,--,183,513,795,1255,1393,1643,1547,1832,2104,2226,2193,2275,2090,3605,4595,6092,6892,7224,10581,14435,14914,15136,14215
New Mexico : all utility-scale solar,thousand megawatthours,ELEC.GEN.SUN-NM-99.A,--,--,--,--,--,--,--,--,--,9,128,334,388,515,615,752,1193,1349,1366,1749,1750,1981,2613,4287,6104
New Mexico : utility-scale photovoltaic,thousand megawatthours,ELEC.GEN.SPV-NM-99.A,--,--,--,--,--,--,--,--,--,9,128,334,388,515,615,752,1193,1349,1366,1749,1750,1981,2613,4287,6104
New Mexico : utility-scale thermal,thousand megawatthours,ELEC.GEN.STH-NM-99.A,--,--,--,--,--,--,--,--,--,--,--,--,--,--,--,--,--,--,--,--,--,--,--,--,--
New Mexico : geothermal,thousand megawatthours,ELEC.GEN.GEO-NM-99.A,--,--,--,--,--,--,--,--,--,--,--,--,0,9,10,14,13,13,58,53,51,47,36,26,58
New Mexico : biomass,thousand megawatthours,ELEC.GEN.BIO-NM-99.A,19,19,0,0,5,22,16,19,34,14,9,14,19,14,20,18,18,21,23,25,26,17,13,25,16
New Mexico : wood and wood-derived fuels,thousand megawatthours,ELEC.GEN.WWW-NM-99.A,--,--,--,--,--,--,--,--,--,--,--,--,--,--,--,--,--,--,--,--,--,--,--,--,--
New Mexico : other biomass,thousand megawatthours,ELEC.GEN.WAS-NM-99.A,19,19,0,0,5,22,16,19,34,14,9,14,19,14,20,18,18,21,23,25,26,17,13,25,16
New Mexico : hydro-electric pumped storage,thousand megawatthours,ELEC.GEN.HPS-NM-99.A,--,--,--,--,--,--,--,--,--,--,--,--,--,--,--,--,--,--,--,--,--,--,--,--,--
New Mexico : other,thousand megawatthours,ELEC.GEN.OTH-NM-99.A,--,--,--,--,--,--,--,3,--,--,--,0,1,1,1,0,-1,-1,-1,-1,0,0,-19,-10,-100
New Mexico : all solar,thousand megawatthours,ELEC.GEN.TSN-NM-99.A,--,--,--,--,--,--,--,--,--,--,--,--,--,635,757,909,1397,1599,1667,2114,2212,2566,3314,5087,6944
New Mexico : small-scale solar photovoltaic,thousand megawatthours,ELEC.GEN.DPV-NM-99.A,--,--,--,--,--,--,--,--,--,--,--,--,--,120,142,157,204,250,301,365,462,586,701,800,841
New Mexico : all utility-scale solar,thousand megawatthours,ELEC.GEN.SUN-NM-99.A,--,--,--,--,--,--,--,--,--,9,128,334,388,515,615,752,1193,1349,1366,1749,1750,1981,2613,4287,6104
New Mexico : utility-scale photovoltaic,thousand megawatthours,ELEC.GEN.SPV-NM-99.A,--,--,--,--,--,--,--,--,--,9,128,334,388,515,615,752,1193,1349,1366,1749,1750,1981,2613,4287,6104
New Mexico : utility-scale thermal,thousand megawatthours,ELEC.GEN.STH-NM-99.A,--,--,--,--,--,--,--,--,--,--,--,--,--,--,--,--,--,--,--,--,--,--,--,--,--
Utah,,ELEC.GEN..A,,,,,,,,,,,,,,,,,,,,,,,,,
Utah : all fuels (utility-scale),thousand megawatthours,ELEC.GEN.ALL-UT-99.A,35854,36608,38024,38212,38165,41263,45373,46579,43543,42249,40836,39403,42517,43785,41949,38134,37412,39375,39117,37087,42566,39386,33497,35134,37445
Utah : coal,thousand megawatthours,ELEC.GEN.COW-UT-99.A,33679,34488,35979,36618,35970,36856,37171,38020,35526,34057,33138,30799,34285,33377,31656,25939,26390,25912,25241,22806,26376,22390,15600,15967,18007
Utah : petroleum liquids,thousand megawatthours,ELEC.GEN.PEL-UT-99.A,58,54,33,33,41,62,39,44,36,50,54,40,26,24,20,32,38,37,40,40,38,31,29,33,31
Utah : petroleum coke,thousand megawatthours,ELEC.GEN.PC-UT-99.A,--,--,--,--,--,--,--,--,--,--,--,--,--,--,--,--,--,--,--,--,--,--,--,--,--
Utah : natural gas,thousand megawatthours,ELEC.GEN.NG-UT-99.A,1446,1380,1383,910,1178,3389,7424,7366,6444,6455,5256,6580,6606,8376,8218,8691,5871,8724,9369,9460,10686,11107,11834,11640,11523
Utah : other gases,thousand megawatthours,ELEC.GEN.OOG-UT-99.A,--,0,0,0,0,0,0,36,28,36,33,4,2,0,8,54,16,7,17,7,5,3,3,1,2
Utah : nuclear,thousand megawatthours,ELEC.GEN.NUC-UT-99.A,--,--,--,--,--,--,--,--,--,--,--,--,--,--,--,--,--,--,--,--,--,--,--,--,--
Utah : conventional hydroelectric,thousand megawatthours,ELEC.GEN.HYC-UT-99.A,508,458,421,450,784,747,539,668,835,696,1230,748,505,633,769,760,1294,927,875,817,494,595,769,759,828
Utah : other renewables,thousand megawatthours,ELEC.GEN.AOR-UT-99.A,158,224,204,199,189,205,195,302,487,781,961,1100,932,1256,1172,2445,3628,3543,3386,3828,4805,5114,5163,6581,6894
Utah : wind,thousand megawatthours,ELEC.GEN.WND-UT-99.A,--,--,--,--,--,--,--,24,160,448,573,704,540,660,626,822,858,795,819,803,825,723,683,748,799
Utah : all utility-scale solar,thousand megawatthours,ELEC.GEN.SUN-UT-99.A,--,--,--,--,--,--,--,--,--,--,--,2,2,2,32,1054,2211,2224,2186,2571,3479,3853,3929,5311,5565
Utah : utility-scale photovoltaic,thousand megawatthours,ELEC.GEN.SPV-UT-99.A,--,--,--,--,--,--,--,--,--,--,--,2,2,2,32,1054,2211,2224,2186,2571,3479,3853,3929,5311,5565
Utah : utility-scale thermal,thousand megawatthours,ELEC.GEN.STH-UT-99.A,--,--,--,--,--,--,--,--,--,--,--,--,--,--,--,--,--,--,--,--,0,0,0,--,--
Utah : geothermal,thousand megawatthours,ELEC.GEN.GEO-UT-99.A,153,218,198,195,185,191,164,254,279,277,330,335,319,522,430,485,481,446,310,377,420,463,458,451,468
Utah : biomass,thousand megawatthours,ELEC.GEN.BIO-UT-99.A,5,6,5,4,4,15,31,24,48,56,58,60,71,73,85,84,78,79,71,78,81,74,92,70,61
Utah : wood and wood-derived fuels,thousand megawatthours,ELEC.GEN.WWW-UT-99.A,--,--,--,--,--,--,--,--,--,--,--,--,--,--,--,--,--,--,--,--,--,--,--,--,--
Utah : other biomass,thousand megawatthours,ELEC.GEN.WAS-UT-99.A,5,6,5,4,4,15,31,24,48,56,58,60,71,73,85,84,78,79,71,78,81,74,92,70,61
Utah : hydro-electric pumped storage,thousand megawatthours,ELEC.GEN.HPS-UT-99.A,--,--,--,--,--,--,--,--,--,--,--,--,--,--,--,--,--,--,--,--,--,--,--,--,--
Utah : other,thousand megawatthours,ELEC.GEN.OTH-UT-99.A,4,5,4,3,3,5,5,143,187,174,165,133,161,118,106,213,175,225,189,130,162,146,98,153,160
Utah : all solar,thousand megawatthours,ELEC.GEN.TSN-UT-99.A,--,--,--,--,--,--,--,--,--,--,--,--,--,40,99,1203,2500,2618,2646,3117,4137,4629,4835,6306,6670
Utah : small-scale solar photovoltaic,thousand megawatthours,ELEC.GEN.DPV-UT-99.A,--,--,--,--,--,--,--,--,--,--,--,--,--,37,67,150,289,394,460,546,657,776,906,995,1105
Utah : all utility-scale solar,thousand megawatthours,ELEC.GEN.SUN-UT-99.A,--,--,--,--,--,--,--,--,--,--,--,2,2,2,32,1054,2211,2224,2186,2571,3479,3853,3929,5311,5565
Utah : utility-scale photovoltaic,thousand megawatthours,ELEC.GEN.SPV-UT-99.A,--,--,--,--,--,--,--,--,--,--,--,2,2,2,32,1054,2211,2224,2186,2571,3479,3853,3929,5311,5565
Utah : utility-scale thermal,thousand megawatthours,ELEC.GEN.STH-UT-99.A,--,--,--,--,--,--,--,--,--,--,--,--,--,--,--,--,--,--,--,--,0,0,0,--,--
Wyoming,,ELEC.GEN..A,,,,,,,,,,,,,,,,,,,,,,,,,
Wyoming : all fuels (utility-scale),thousand megawatthours,ELEC.GEN.ALL-WY-99.A,44777,43784,43627,44808,45567,45400,45633,46500,46029,48119,47638,49589,52483,49696,48967,46657,46742,46112,42146,42011,43461,46347,43181,40709,46225
Wyoming : coal,thousand megawatthours,ELEC.GEN.COW-WY-99.A,42789,41923,42341,43346,43346,42892,43127,43808,41954,42987,40961,43412,46437,43409,43091,40027,40069,39679,35376,33359,32038,33518,30844,24382,27024
Wyoming : petroleum liquids,thousand megawatthours,ELEC.GEN.PEL-WY-99.A,36,40,45,46,42,46,47,44,50,56,55,52,39,45,45,56,44,40,44,45,60,53,44,46,53
Wyoming : petroleum coke,thousand megawatthours,ELEC.GEN.PC-WY-99.A,--,--,--,--,--,--,--,--,--,--,--,--,--,--,--,--,--,--,--,--,--,--,--,--,--
Wyoming : natural gas,thousand megawatthours,ELEC.GEN.NG-WY-99.A,592,713,280,87,325,501,594,495,488,459,459,513,512,557,722,788,779,896,1029,1374,1501,1661,2129,5426,4595
Wyoming : other gases,thousand megawatthours,ELEC.GEN.OOG-WY-99.A,8,--,--,13,264,310,312,289,284,279,265,282,281,337,405,358,360,378,286,391,360,329,352,324,365
Wyoming : nuclear,thousand megawatthours,ELEC.GEN.NUC-WY-99.A,--,--,--,--,--,--,--,--,--,--,--,--,--,--,--,--,--,--,--,--,--,--,--,--,--
Wyoming : conventional hydroelectric,thousand megawatthours,ELEC.GEN.HYC-WY-99.A,879,584,594,593,808,843,729,835,967,1024,1224,893,711,869,868,973,1124,976,992,1086,790,745,917,1017,1082
Wyoming : other renewables,thousand megawatthours,ELEC.GEN.AOR-WY-99.A,365,447,366,617,717,759,755,963,2226,3247,4612,4369,4433,4406,3757,4389,4321,4058,4343,5678,8627,9966,8810,9425,13022
Wyoming : wind,thousand megawatthours,ELEC.GEN.WND-WY-99.A,365,447,366,617,717,759,755,963,2226,3247,4612,4369,4433,4406,3757,4389,4321,4057,4163,5513,8448,9780,8637,9002,12526
Wyoming : all utility-scale solar,thousand megawatthours,ELEC.GEN.SUN-WY-99.A,--,--,--,--,--,--,--,--,--,--,--,--,--,--,--,--,--,1,180,165,179,186,174,423,496
Wyoming : utility-scale photovoltaic,thousand megawatthours,ELEC.GEN.SPV-WY-99.A,--,--,--,--,--,--,--,--,--,--,--,--,--,--,--,--,--,1,180,165,179,186,174,423,496
Wyoming : utility-scale thermal,thousand megawatthours,ELEC.GEN.STH-WY-99.A,--,--,--,--,--,--,--,--,--,--,--,--,--,--,--,--,--,--,--,--,--,--,--,--,--
Wyoming : geothermal,thousand megawatthours,ELEC.GEN.GEO-WY-99.A,--,--,--,--,--,--,--,--,--,--,--,--,--,--,--,--,--,--,--,--,--,--,--,--,--
Wyoming : biomass,thousand megawatthours,ELEC.GEN.BIO-WY-99.A,--,--,--,--,--,--,--,--,--,--,--,--,--,--,--,--,--,--,--,--,--,--,--,--,--
Wyoming : wood and wood-derived fuels,thousand megawatthours,ELEC.GEN.WWW-WY-99.A,--,--,--,--,--,--,--,--,--,--,--,--,--,--,--,--,--,--,--,--,--,--,--,--,--
Wyoming : other biomass,thousand megawatthours,ELEC.GEN.WAS-WY-99.A,--,--,--,--,--,--,--,--,--,--,--,--,--,--,--,--,--,--,--,--,--,--,--,--,--
Wyoming : hydro-electric pumped storage,thousand megawatthours,ELEC.GEN.HPS-WY-99.A,--,--,--,--,--,--,--,--,--,--,--,--,--,--,--,--,--,--,--,--,--,--,--,--,--
Wyoming : other,thousand megawatthours,ELEC.GEN.OTH-WY-99.A,108,77,--,107,65,49,69,67,60,68,62,67,69,74,78,65,46,85,75,79,84,76,84,90,85
Wyoming : all solar,thousand megawatthours,ELEC.GEN.TSN-WY-99.A,--,--,--,--,--,--,--,--,--,--,--,--,--,2,3,3,5,7,189,178,197,209,202,456,537
Wyoming : small-scale solar photovoltaic,thousand megawatthours,ELEC.GEN.DPV-WY-99.A,--,--,--,--,--,--,--,--,--,--,--,--,--,2,3,3,5,6,9,13,18,23,29,33,41
Wyoming : all utility-scale solar,thousand megawatthours,ELEC.GEN.SUN-WY-99.A,--,--,--,--,--,--,--,--,--,--,--,--,--,--,--,--,--,1,180,165,179,186,174,423,496
Wyoming : utility-scale photovoltaic,thousand megawatthours,ELEC.GEN.SPV-WY-99.A,--,--,--,--,--,--,--,--,--,--,--,--,--,--,--,--,--,1,180,165,179,186,174,423,496
Wyoming : utility-scale thermal,thousand megawatthours,ELEC.GEN.STH-WY-99.A,--,--,--,--,--,--,--,--,--,--,--,--,--,--,--,--,--,--,--,--,--,--,--,--,--
Pacific Contiguous,,ELEC.GEN..A,,,,,,,,,,,,,,,,,,,,,,,,,
Pacific Contiguous : all fuels (utility-scale),thousand megawatthours,ELEC.GEN.ALL-PCC-99.A,326697,334074,341849,348327,351584,378343,372916,377531,365937,362725,375763,377287,374146,375262,363858,371232,384772,376336,370506,372823,368990,381392,381281,--,--
Pacific Contiguous : coal,thousand megawatthours,ELEC.GEN.COW-PCC-99.A,15760,14768,17721,16203,16096,10979,15207,15086,12725,14754,10544,7772,11323,10717,7727,6819,7509,7141,9980,7091,3427,3818,4371,--,--
Pacific Contiguous : petroleum liquids,thousand megawatthours,ELEC.GEN.PEL-PCC-99.A,1358,211,507,321,402,322,329,212,198,90,92,167,79,81,112,119,79,97,77,65,109,200,99,--,--
Pacific Contiguous : petroleum coke,thousand megawatthours,ELEC.GEN.PC-PCC-99.A,2120,1830,1996,2091,2287,2096,2056,1580,1406,1006,864,156,21,19,0,84,0,0,0,0,0,0,0,--,--
Pacific Contiguous : natural gas,thousand megawatthours,ELEC.GEN.NG-PCC-99.A,132289,102156,108758,122216,115123,124425,137846,147188,141568,133533,102321,136731,145310,144184,145423,123363,114266,118263,122502,125081,135313,129959,137183,--,--
Pacific Contiguous : other gases,thousand megawatthours,ELEC.GEN.OOG-PCC-99.A,1130,1553,2062,2341,2601,2371,2152,1957,1868,1987,1964,1890,1816,1670,1944,1828,1764,1885,1798,1830,1607,1667,1620,--,--
Pacific Contiguous : nuclear,thousand megawatthours,ELEC.GEN.NUC-PCC-99.A,41470,43401,43208,39249,44397,41287,43901,41752,38398,41442,41470,27841,26373,26483,26666,28533,26029,27922,25032,25686,24989,27445,26153,--,--
Pacific Contiguous : conventional hydroelectric,thousand megawatthours,ELEC.GEN.HYC-PCC-99.A,108920,143720,141378,138797,142655,167905,139744,135570,133854,132262,176690,155712,135007,131256,118467,141837,162840,142657,134695,129708,113717,127865,120156,--,--
Pacific Contiguous : other renewables,thousand megawatthours,ELEC.GEN.AOR-PCC-99.A,23690,26180,26756,27397,27368,28247,30804,33145,34857,36824,40727,45388,53034,59938,62413,68145,70944,77570,75577,82578,89468,90294,92484,--,--
Pacific Contiguous : wind,thousand megawatthours,ELEC.GEN.WND-PCC-99.A,3588,4595,4943,5661,5495,6852,9270,11618,12882,14743,18790,22697,27282,27816,25936,28708,25975,29371,26981,31626,33851,30848,30522,--,--
Pacific Contiguous : all utility-scale solar,thousand megawatthours,ELEC.GEN.SUN-PCC-99.A,542,554,534,571,537,495,557,670,647,769,890,1390,3835,9957,14839,18848,24547,27559,29052,31396,36375,40481,43266,--,--
Pacific Contiguous : utility-scale photovoltaic,thousand megawatthours,ELEC.GEN.SPV-PCC-99.A,--,--,2,2,2,2,3,6,34,116,243,749,3226,8361,12547,16428,22184,25100,26814,29176,34345,38398,41365,--,--
Pacific Contiguous : utility-scale thermal,thousand megawatthours,ELEC.GEN.STH-PCC-99.A,--,--,532,569,535,493,554,665,613,654,647,640,609,1595,2293,2421,2364,2458,2237,2220,2030,2083,1901,--,--
Pacific Contiguous : geothermal,thousand megawatthours,ELEC.GEN.GEO-PCC-99.A,12181,13074,12982,13105,13023,12821,12991,12883,12853,12600,12552,12545,12471,12285,12062,11641,11734,11853,11100,11559,11310,11360,11442,--,--
Pacific Contiguous : biomass,thousand megawatthours,ELEC.GEN.BIO-PCC-99.A,7379,7957,8298,8060,8314,8080,7987,7974,8475,8711,8495,8757,9446,9881,9575,8947,8688,8787,8445,7998,7932,7605,7253,--,--
Pacific Contiguous : wood and wood-derived fuels,thousand megawatthours,ELEC.GEN.WWW-PCC-99.A,5090,5708,5777,5626,5802,5502,5366,5314,5712,5859,5519,5773,6025,6307,6024,5379,5157,5374,5286,4941,4923,4791,4523,--,--
Pacific Contiguous : other biomass,thousand megawatthours,ELEC.GEN.WAS-PCC-99.A,2289,2249,2521,2434,2512,2577,2620,2661,2763,2852,2976,2984,3421,3574,3551,3568,3530,3413,3158,3057,3009,2814,2730,--,--
Pacific Contiguous : hydro-electric pumped storage,thousand megawatthours,ELEC.GEN.HPS-PCC-99.A,-350,-246,-916,-827,128,143,354,370,205,-118,-37,618,203,-109,153,-262,410,-120,-22,-23,-315,-145,-396,--,--
Pacific Contiguous : other,thousand megawatthours,ELEC.GEN.OTH-PCC-99.A,308,500,378,537,525,567,522,671,858,948,1128,1012,980,1022,953,766,931,922,867,807,677,290,-390,--,--
Pacific Contiguous : all solar,thousand megawatthours,ELEC.GEN.TSN-PCC-99.A,--,--,--,--,--,--,--,--,--,--,--,--,--,14746,21001,27319,35447,40831,44644,49311,56837,65399,72277,--,--
Pacific Contiguous : small-scale solar photovoltaic,thousand megawatthours,ELEC.GEN.DPV-PCC-99.A,--,--,--,--,--,--,--,--,--,--,--,--,--,4790,6161,8471,10900,13273,15593,17915,20462,24918,29011,--,--
Pacific Contiguous : all utility-scale solar,thousand megawatthours,ELEC.GEN.SUN-PCC-99.A,542,554,534,571,537,495,557,670,647,769,890,1390,3835,9957,14839,18848,24547,27559,29052,31396,36375,40481,43266,--,--
Pacific Contiguous : utility-scale photovoltaic,thousand megawatthours,ELEC.GEN.SPV-PCC-99.A,--,--,2,2,2,2,3,6,34,116,243,749,3226,8361,12547,16428,22184,25100,26814,29176,34345,38398,41365,--,--
Pacific Contiguous : utility-scale thermal,thousand megawatthours,ELEC.GEN.STH-PCC-99.A,--,--,532,569,535,493,554,665,613,654,647,640,609,1595,2293,2421,2364,2458,2237,2220,2030,2083,1901,--,--
California,,ELEC.GEN..A,,,,,,,,,,,,,,,,,,,,,,,,,
California : all fuels (utility-scale),thousand megawatthours,ELEC.GEN.ALL-CA-99.A,198596,184210,192789,194780,200293,216799,210848,207984,204776,204126,200805,199519,200077,198808,196704,196963,206147,195466,201784,193084,197165,203384,216629,214191,205884
California : coal,thousand megawatthours,ELEC.GEN.COW-CA-99.A,2233,2328,2326,2238,2135,2235,2298,2280,2050,2100,1982,1375,823,805,298,319,291,281,240,290,294,252,209,246,234
California : petroleum liquids,thousand megawatthours,ELEC.GEN.PEL-CA-99.A,935,131,396,172,257,272,278,162,137,54,47,134,48,47,85,92,46,69,51,44,77,155,75,57,55
California : petroleum coke,thousand megawatthours,ELEC.GEN.PC-CA-99.A,2120,1830,1996,2091,2287,2096,2056,1580,1406,1006,864,156,21,19,0,84,0,0,0,0,0,0,0,0,0
California : natural gas,thousand megawatthours,ELEC.GEN.NG-CA-99.A,111932,89624,91432,100222,93354,105691,115700,119992,113463,107522,88974,119668,119523,120426,116140,97074,88350,89805,85841,92047,97427,96372,94390,86656,73326
California : other gases,thousand megawatthours,ELEC.GEN.OOG-CA-99.A,1130,1240,1759,2066,2280,2022,1818,1685,1623,1695,1667,1484,1406,1333,1549,1427,1408,1454,1476,1538,1369,1412,1382,1209,1114
California : nuclear,thousand megawatthours,ELEC.GEN.NUC-CA-99.A,33220,34352,35594,30268,36155,31959,35792,32482,31764,32201,36663,18507,17912,16986,18505,18908,17901,18214,16165,16259,16477,17593,17718,18379,17558
California : conventional hydroelectric,thousand megawatthours,ELEC.GEN.HYC-CA-99.A,25542,31141,36371,34141,39632,48047,27328,24128,27888,33431,42557,26837,23755,16531,13808,28942,42363,26331,38355,21377,14678,17644,32381,29454,27855
California : other renewables,thousand megawatthours,ELEC.GEN.AOR-CA-99.A,21630,23407,23545,23971,23654,23915,24845,24784,25540,25450,27222,29967,35578,41917,45395,49712,54544,58632,58921,60871,66585,69916,71348,79350,87015
California : wind,thousand megawatthours,ELEC.GEN.WND-CA-99.A,3500,3803,3895,4306,4262,4883,5585,5385,5840,6079,7752,9754,12822,12992,12230,13509,12823,14024,13735,13583,15177,14638,14019,15648,16257
California : all utility-scale solar,thousand megawatthours,ELEC.GEN.SUN-CA-99.A,542,554,534,571,537,495,557,670,647,769,889,1382,3814,9932,14814,18807,24353,26985,28332,30273,34864,38789,41001,48428,55574
California : utility-scale photovoltaic,thousand megawatthours,ELEC.GEN.SPV-CA-99.A,--,--,2,2,2,2,3,6,34,116,242,743,3205,8336,12522,16386,21989,24527,26094,28053,32834,36706,39100,46382,53713
California : utility-scale thermal,thousand megawatthours,ELEC.GEN.STH-CA-99.A,--,--,532,569,535,493,554,665,613,654,647,640,609,1595,2293,2421,2364,2458,2237,2220,2030,2083,1901,2045,1861
California : geothermal,thousand megawatthours,ELEC.GEN.GEO-CA-99.A,12181,13074,12982,13105,13023,12821,12991,12883,12853,12600,12552,12519,12307,12102,11883,11457,11560,11677,10914,11367,11128,11181,11266,10524,10747
California : biomass,thousand megawatthours,ELEC.GEN.BIO-CA-99.A,5406,5976,6134,5989,5833,5717,5713,5846,6200,6002,6029,6311,6635,6891,6468,5939,5808,5946,5941,5649,5416,5307,5062,4750,4438
California : wood and wood-derived fuels,thousand megawatthours,ELEC.GEN.WWW-CA-99.A,3324,3958,3880,3827,3609,3422,3407,3484,3732,3551,3445,3798,3792,3977,3584,3029,2967,3123,3218,3034,2842,2891,2721,2476,2236
California : other biomass,thousand megawatthours,ELEC.GEN.WAS-CA-99.A,2083,2019,2254,2162,2224,2294,2305,2362,2468,2451,2585,2514,2843,2913,2884,2910,2841,2824,2723,2615,2574,2417,2341,2274,2201
California : hydro-electric pumped storage,thousand megawatthours,ELEC.GEN.HPS-CA-99.A,-350,-241,-912,-817,120,96,310,321,153,-171,-89,575,196,-105,113,-259,407,-149,-31,-37,-317,-155,-393,-46,261
California : other,thousand megawatthours,ELEC.GEN.OTH-CA-99.A,204,398,281,429,420,464,421,570,753,839,917,815,816,848,812,666,836,829,765,695,576,196,-482,-1113,-1533
California : all solar,thousand megawatthours,ELEC.GEN.TSN-CA-99.A,--,--,--,--,--,--,--,--,--,--,--,--,--,14606,20829,27037,34958,39904,43493,47680,54712,62910,68978,80152,90103
California : small-scale solar photovoltaic,thousand megawatthours,ELEC.GEN.DPV-CA-99.A,--,--,--,--,--,--,--,--,--,--,--,--,--,4674,6014,8230,10605,12919,15162,17407,19849,24121,27977,31724,34529
California : all utility-scale solar,thousand megawatthours,ELEC.GEN.SUN-CA-99.A,542,554,534,571,537,495,557,670,647,769,889,1382,3814,9932,14814,18807,24353,26985,28332,30273,34864,38789,41001,48428,55574
California : utility-scale photovoltaic,thousand megawatthours,ELEC.GEN.SPV-CA-99.A,--,--,2,2,2,2,3,6,34,116,242,743,3205,8336,12522,16386,21989,24527,26094,28053,32834,36706,39100,46382,53713
California : utility-scale thermal,thousand megawatthours,ELEC.GEN.STH-CA-99.A,--,--,532,569,535,493,554,665,613,654,647,640,609,1595,2293,2421,2364,2458,2237,2220,2030,2083,1901,2045,1861
Oregon,,ELEC.GEN..A,,,,,,,,,,,,,,,,,,,,,,,,,
Oregon : all fuels (utility-scale),thousand megawatthours,ELEC.GEN.ALL-OR-99.A,45052,47099,48966,51381,49325,53341,55078,58718,56691,55127,59695,60933,59896,60120,57867,60182,62714,64114,62258,63625,61017,61318,61692,64661,64637
Oregon : coal,thousand megawatthours,ELEC.GEN.COW-OR-99.A,4445,3780,4305,3556,3466,2371,4352,4044,3197,4126,3334,2634,3759,3193,2377,1898,1728,1476,2569,1630,--,--,--,--,--
Oregon : petroleum liquids,thousand megawatthours,ELEC.GEN.PEL-OR-99.A,102,7,44,63,78,12,14,15,8,3,8,6,6,10,6,5,10,5,7,2,0,2,0,13,NM
Oregon : petroleum coke,thousand megawatthours,ELEC.GEN.PC-OR-99.A,--,--,--,--,--,--,--,--,--,--,--,--,--,--,--,--,--,--,--,--,--,--,--,--,--
Oregon : natural gas,thousand megawatthours,ELEC.GEN.NG-OR-99.A,10983,7813,10244,13525,13191,11239,14858,17387,16133,15651,8498,11625,14363,12699,16237,15307,15066,17923,20932,19020,21297,19055,23385,24926,22183
Oregon : other gases,thousand megawatthours,ELEC.GEN.OOG-OR-99.A,--,--,--,--,--,--,--,0,--,--,--,--,--,--,--,--,--,--,--,--,--,--,--,--,--
Oregon : nuclear,thousand megawatthours,ELEC.GEN.NUC-OR-99.A,--,--,--,--,--,--,--,--,--,--,--,--,--,--,--,--,--,--,--,--,--,--,--,--,--
Oregon : conventional hydroelectric,thousand megawatthours,ELEC.GEN.HYC-OR-99.A,28645,34413,33250,33081,30948,37850,33587,33805,33034,30542,42315,39410,33098,35262,31254,34549,38294,35443,30322,31921,27660,31304,26329,26933,29152
Oregon : other renewables,thousand megawatthours,ELEC.GEN.AOR-OR-99.A,840,1049,1083,1115,1601,1829,2228,3423,4272,4757,5490,7207,8635,8914,7950,8382,7576,9233,8392,11008,12025,10921,11955,12776,13356
Oregon : wind,thousand megawatthours,ELEC.GEN.WND-OR-99.A,89,376,444,619,734,931,1247,2575,3470,3920,4775,6343,7456,7555,6632,7157,6227,7447,6569,8777,9376,8149,8954,9519,9466
Oregon : all utility-scale solar,thousand megawatthours,ELEC.GEN.SUN-OR-99.A,--,--,--,--,--,--,--,--,--,--,0,6,20,24,24,41,194,572,676,1078,1461,1608,1901,2001,2684
Oregon : utility-scale photovoltaic,thousand megawatthours,ELEC.GEN.SPV-OR-99.A,--,--,--,--,--,--,--,--,--,--,0,6,20,24,24,41,194,572,676,1078,1461,1608,1901,2001,2684
Oregon : utility-scale thermal,thousand megawatthours,ELEC.GEN.STH-OR-99.A,--,--,--,--,--,--,--,--,--,--,--,1,--,--,--,--,--,--,--,--,--,--,--,--,--
Oregon : geothermal,thousand megawatthours,ELEC.GEN.GEO-OR-99.A,--,--,--,--,--,--,--,--,--,--,--,26,165,183,179,184,174,176,185,192,183,179,176,169,182
Oregon : biomass,thousand megawatthours,ELEC.GEN.BIO-OR-99.A,751,673,639,496,866,898,981,848,803,837,714,832,994,1151,1116,1001,981,1037,962,961,1005,985,924,1087,1023
Oregon : wood and wood-derived fuels,thousand megawatthours,ELEC.GEN.WWW-OR-99.A,701,624,554,410,768,799,843,717,674,632,492,600,700,803,747,641,619,680,637,631,686,685,641,818,833
Oregon : other biomass,thousand megawatthours,ELEC.GEN.WAS-OR-99.A,50,49,85,86,98,99,139,131,128,205,222,232,294,348,369,359,361,357,324,329,319,300,283,269,191
Oregon : hydro-electric pumped storage,thousand megawatthours,ELEC.GEN.HPS-OR-99.A,--,--,--,--,--,--,--,--,--,--,--,--,--,--,--,--,--,--,--,--,--,--,--,--,--
Oregon : other,thousand megawatthours,ELEC.GEN.OTH-OR-99.A,38,38,41,42,40,40,38,44,47,47,51,50,35,43,42,41,39,34,36,44,35,35,23,13,-69
Oregon : all solar,thousand megawatthours,ELEC.GEN.TSN-OR-99.A,--,--,--,--,--,--,--,--,--,--,--,--,--,104,116,192,373,776,903,1335,1766,2013,2416,2620,3417
Oregon : small-scale solar photovoltaic,thousand megawatthours,ELEC.GEN.DPV-OR-99.A,--,--,--,--,--,--,--,--,--,--,--,--,--,80,92,151,179,205,227,257,305,404,515,618,733
Oregon : all utility-scale solar,thousand megawatthours,ELEC.GEN.SUN-OR-99.A,--,--,--,--,--,--,--,--,--,--,0,6,20,24,24,41,194,572,676,1078,1461,1608,1901,2001,2684
Oregon : utility-scale photovoltaic,thousand megawatthours,ELEC.GEN.SPV-OR-99.A,--,--,--,--,--,--,--,--,--,--,0,6,20,24,24,41,194,572,676,1078,1461,1608,1901,2001,2684
Oregon : utility-scale thermal,thousand megawatthours,ELEC.GEN.STH-OR-99.A,--,--,--,--,--,--,--,--,--,--,--,1,--,--,--,--,--,--,--,--,--,--,--,--,--
Washington,,ELEC.GEN..A,,,,,,,,,,,,,,,,,,,,,,,,,
Washington : all fuels (utility-scale),thousand megawatthours,ELEC.GEN.ALL-WA-99.A,83049,102765,100095,102165,101966,108203,106990,110828,104470,103473,115263,116835,114173,116334,109287,114087,115912,116757,106464,116114,110808,116691,102961,102398,103067
Washington : coal,thousand megawatthours,ELEC.GEN.COW-WA-99.A,9082,8661,11090,10409,10494,6373,8557,8762,7478,8527,5229,3763,6740,6720,5052,4602,5490,5383,7170,5170,3133,3566,4163,2847,3160
Washington : petroleum liquids,thousand megawatthours,ELEC.GEN.PEL-WA-99.A,320,73,67,86,67,38,37,35,54,32,37,27,24,24,22,22,23,24,20,19,32,44,24,43,34
Washington : petroleum coke,thousand megawatthours,ELEC.GEN.PC-WA-99.A,--,--,--,--,--,--,--,--,--,--,--,--,--,--,--,0,0,0,0,0,0,0,0,0,0
Washington : natural gas,thousand megawatthours,ELEC.GEN.NG-WA-99.A,9374,4719,7083,8469,8579,7495,7287,9809,11971,10359,4850,5438,11424,11059,13046,10982,10849,10535,15729,14014,16589,14532,19408,18097,16294
Washington : other gases,thousand megawatthours,ELEC.GEN.OOG-WA-99.A,--,313,303,275,322,349,334,272,245,292,297,405,410,337,395,402,356,431,322,292,238,255,238,223,260
Washington : nuclear,thousand megawatthours,ELEC.GEN.NUC-WA-99.A,8250,9048,7615,8982,8242,9328,8109,9270,6634,9241,4806,9334,8461,9497,8161,9626,8128,9708,8866,9427,8511,9852,8435,9967,7748
Washington : conventional hydroelectric,thousand megawatthours,ELEC.GEN.HYC-WA-99.A,54734,78167,71757,71576,72075,82008,78829,77637,72933,68288,91818,89464,78155,79463,73405,78346,82183,80883,66018,76410,71379,78916,61446,60736,65169
Washington : other renewables,thousand megawatthours,ELEC.GEN.AOR-WA-99.A,1221,1724,2128,2311,2114,2503,3731,4938,5045,6617,8014,8214,8822,9108,9067,10050,8824,9705,8263,10700,10859,9457,9181,10410,10331
Washington : wind,thousand megawatthours,ELEC.GEN.WND-WA-99.A,--,417,604,737,498,1038,2438,3657,3572,4745,6262,6600,7004,7268,7075,8042,6925,7900,6677,9266,9298,8061,7550,8863,8570
Washington : all utility-scale solar,thousand megawatthours,ELEC.GEN.SUN-WA-99.A,--,--,--,--,--,--,--,0,0,0,1,1,1,1,1,1,0,2,44,46,50,83,364,437,629
Washington : utility-scale photovoltaic,thousand megawatthours,ELEC.GEN.SPV-WA-99.A,--,--,--,--,--,--,--,0,0,0,1,1,1,1,1,1,0,2,44,46,50,83,364,437,629
Washington : utility-scale thermal,thousand megawatthours,ELEC.GEN.STH-WA-99.A,--,--,--,--,--,--,--,--,--,--,--,--,--,--,--,--,--,--,--,--,--,--,--,--,--
Washington : geothermal,thousand megawatthours,ELEC.GEN.GEO-WA-99.A,--,--,--,--,--,--,--,--,--,--,--,--,--,--,--,--,--,--,--,--,--,--,--,--,--
Washington : biomass,thousand megawatthours,ELEC.GEN.BIO-WA-99.A,1221,1308,1525,1575,1615,1465,1293,1281,1472,1872,1751,1614,1817,1840,1991,2008,1899,1803,1542,1388,1511,1313,1267,1110,1133
Washington : wood and wood-derived fuels,thousand megawatthours,ELEC.GEN.WWW-WA-99.A,1065,1126,1343,1389,1425,1281,1116,1113,1305,1676,1582,1375,1533,1527,1692,1708,1571,1571,1431,1276,1395,1215,1161,999,1022
Washington : other biomass,thousand megawatthours,ELEC.GEN.WAS-WA-99.A,156,181,182,185,190,184,176,168,167,196,169,239,284,313,299,299,328,232,111,113,115,98,106,111,111
Washington : hydro-electric pumped storage,thousand megawatthours,ELEC.GEN.HPS-WA-99.A,--,-5,-3,-10,8,47,45,49,52,53,52,44,7,-5,40,-2,3,28,9,14,2,10,-3,2,-3
Washington : other,thousand megawatthours,ELEC.GEN.OTH-WA-99.A,66,64,56,67,65,62,62,56,59,62,160,147,129,131,100,60,56,59,66,69,66,58,69,72,74
Washington : all solar,thousand megawatthours,ELEC.GEN.TSN-WA-99.A,--,--,--,--,--,--,--,--,--,--,--,--,--,37,56,90,116,151,248,296,359,477,883,1071,1350
Washington : small-scale solar photovoltaic,thousand megawatthours,ELEC.GEN.DPV-WA-99.A,--,--,--,--,--,--,--,--,--,--,--,--,--,36,55,89,116,150,205,250,308,393,518,634,722
Washington : all utility-scale solar,thousand megawatthours,ELEC.GEN.SUN-WA-99.A,--,--,--,--,--,--,--,0,0,0,1,1,1,1,1,1,0,2,44,46,50,83,364,437,629
Washington : utility-scale photovoltaic,thousand megawatthours,ELEC.GEN.SPV-WA-99.A,--,--,--,--,--,--,--,0,0,0,1,1,1,1,1,1,0,2,44,46,50,83,364,437,629
Washington : utility-scale thermal,thousand megawatthours,ELEC.GEN.STH-WA-99.A,--,--,--,--,--,--,--,--,--,--,--,--,--,--,--,--,--,--,--,--,--,--,--,--,--
Pacific Noncontiguous,,ELEC.GEN..A,,,,,,,,,,,,,,,,,,,,,,,,,
Pacific Noncontiguous : all fuels (utility-scale),thousand megawatthours,ELEC.GEN.ALL-PCN-99.A,17377,18430,17315,17937,18099,18233,18355,18151,17713,17596,17594,17416,16764,16247,16404,16284,16310,16044,15821,15355,15778,16032,15912,--,--
Pacific Noncontiguous : coal,thousand megawatthours,ELEC.GEN.COW-PCN-99.A,2169,2121,2194,2253,2255,2166,2220,2265,2131,2166,2080,2222,2028,2069,2005,2092,1931,1940,1985,1887,1837,1375,731,--,--
Pacific Noncontiguous : petroleum liquids,thousand megawatthours,ELEC.GEN.PEL-PCN-99.A,9161,10429,9349,9692,9827,9822,9924,9648,9446,9024,8869,8521,8041,7372,7770,7472,7514,7558,7765,7135,7058,7503,8045,--,--
Pacific Noncontiguous : petroleum coke,thousand megawatthours,ELEC.GEN.PC-PCN-99.A,--,--,--,--,--,--,--,--,--,--,--,--,--,--,--,--,--,--,--,--,--,--,--,--,--
Pacific Noncontiguous : natural gas,thousand megawatthours,ELEC.GEN.NG-PCN-99.A,3896,3778,3354,3623,3724,4058,3868,4002,3577,3750,3906,3606,3421,3288,3090,3040,3235,2948,2687,2641,3085,3229,3182,--,--
Pacific Noncontiguous : other gases,thousand megawatthours,ELEC.GEN.OOG-PCN-99.A,38,41,40,48,41,43,45,39,22,22,38,50,41,62,50,51,52,56,6,3,0,0,0,--,--
Pacific Noncontiguous : nuclear,thousand megawatthours,ELEC.GEN.NUC-PCN-99.A,--,--,--,--,--,--,--,--,--,--,--,--,--,--,--,--,--,--,--,--,--,--,--,--,--
Pacific Noncontiguous : conventional hydroelectric,thousand megawatthours,ELEC.GEN.HYC-PCN-99.A,1446,1534,1673,1592,1560,1344,1384,1256,1436,1504,1438,1690,1514,1633,1690,1750,1710,1761,1718,1863,1804,1824,1867,--,--
Pacific Noncontiguous : other renewables,thousand megawatthours,ELEC.GEN.AOR-PCN-99.A,497,383,533,559,544,625,765,782,718,766,897,965,1324,1420,1433,1560,1508,1403,1269,1510,1802,1846,1918,--,--
Pacific Noncontiguous : wind,thousand megawatthours,ELEC.GEN.WND-PCN-99.A,3,2,2,7,7,80,239,240,258,274,353,416,649,731,772,808,674,757,672,721,790,765,746,--,--
Pacific Noncontiguous : all utility-scale solar,thousand megawatthours,ELEC.GEN.SUN-PCN-99.A,--,--,--,--,--,--,--,0,1,2,4,5,19,39,54,89,175,185,268,484,507,555,653,--,--
Pacific Noncontiguous : utility-scale photovoltaic,thousand megawatthours,ELEC.GEN.SPV-PCN-99.A,--,--,--,--,--,--,--,0,1,2,4,5,19,39,54,89,175,185,268,484,507,555,653,--,--
Pacific Noncontiguous : utility-scale thermal,thousand megawatthours,ELEC.GEN.STH-PCN-99.A,--,--,--,--,--,--,--,--,--,--,--,--,--,--,--,--,--,--,--,--,--,--,--,--,--
Pacific Noncontiguous : geothermal,thousand megawatthours,ELEC.GEN.GEO-PCN-99.A,207,73,178,213,222,212,230,234,168,201,224,261,275,254,230,260,323,110,0,10,184,208,193,--,--
Pacific Noncontiguous : biomass,thousand megawatthours,ELEC.GEN.BIO-PCN-99.A,288,309,353,338,315,332,295,307,291,290,316,284,381,397,376,402,336,351,329,295,321,318,327,--,--
Pacific Noncontiguous : wood and wood-derived fuels,thousand megawatthours,ELEC.GEN.WWW-PCN-99.A,--,1,1,0,0,1,0,0,--,0,0,0,0,0,0,0,0,0,0,0,0,52,0,--,--
Pacific Noncontiguous : other biomass,thousand megawatthours,ELEC.GEN.WAS-PCN-99.A,288,308,352,338,315,332,295,307,291,290,316,284,381,397,376,402,336,351,329,295,321,266,327,--,--
Pacific Noncontiguous : hydro-electric pumped storage,thousand megawatthours,ELEC.GEN.HPS-PCN-99.A,--,--,--,--,--,--,--,--,--,--,--,--,--,--,--,--,--,--,--,--,--,--,--,--,--
Pacific Noncontiguous : other,thousand megawatthours,ELEC.GEN.OTH-PCN-99.A,169,143,172,171,149,176,149,159,381,364,366,363,394,403,367,320,360,379,391,317,192,255,170,--,--
Pacific Noncontiguous : all solar,thousand megawatthours,ELEC.GEN.TSN-PCN-99.A,--,--,--,--,--,--,--,--,--,--,--,--,--,590,687,850,1148,1216,1385,1701,1770,1897,2059,--,--
Pacific Noncontiguous : small-scale solar photovoltaic,thousand megawatthours,ELEC.GEN.DPV-PCN-99.A,--,--,--,--,--,--,--,--,--,--,--,--,--,551,632,761,973,1031,1117,1217,1263,1342,1406,--,--
Pacific Noncontiguous : all utility-scale solar,thousand megawatthours,ELEC.GEN.SUN-PCN-99.A,--,--,--,--,--,--,--,0,1,2,4,5,19,39,54,89,175,185,268,484,507,555,653,--,--
Pacific Noncontiguous : utility-scale photovoltaic,thousand megawatthours,ELEC.GEN.SPV-PCN-99.A,--,--,--,--,--,--,--,0,1,2,4,5,19,39,54,89,175,185,268,484,507,555,653,--,--
Pacific Noncontiguous : utility-scale thermal,thousand megawatthours,ELEC.GEN.STH-PCN-99.A,--,--,--,--,--,--,--,--,--,--,--,--,--,--,--,--,--,--,--,--,--,--,--,--,--
Alaska,,ELEC.GEN..A,,,,,,,,,,,,,,,,,,,,,,,,,
Alaska : all fuels (utility-scale),thousand megawatthours,ELEC.GEN.ALL-AK-99.A,6744,6767,6339,6527,6577,6674,6821,6775,6702,6760,6871,6946,6497,6043,6285,6335,6497,6247,6071,6276,6596,6694,6718,6691,6443
Alaska : coal,thousand megawatthours,ELEC.GEN.COW-AK-99.A,565,575,550,649,624,617,641,618,631,620,656,685,625,558,668,594,556,629,683,722,753,727,731,752,790
Alaska : petroleum liquids,thousand megawatthours,ELEC.GEN.PEL-AK-99.A,937,962,846,747,759,768,1010,978,1157,937,945,1038,819,446,747,831,881,809,901,986,902,848,885,919,1024
Alaska : petroleum coke,thousand megawatthours,ELEC.GEN.PC-AK-99.A,--,--,--,--,--,--,--,--,--,--,--,--,--,--,--,--,--,--,--,--,--,--,--,--,--
Alaska : natural gas,thousand megawatthours,ELEC.GEN.NG-AK-99.A,3896,3778,3354,3623,3724,4058,3868,4002,3577,3750,3906,3606,3421,3288,3090,3040,3235,2948,2687,2641,3085,3229,3182,3134,2601
Alaska : other gases,thousand megawatthours,ELEC.GEN.OOG-AK-99.A,--,--,--,--,--,--,--,--,--,--,3,3,--,--,--,--,--,--,--,--,--,--,--,--,--
Alaska : nuclear,thousand megawatthours,ELEC.GEN.NUC-AK-99.A,--,--,--,--,--,--,--,--,--,--,--,--,--,--,--,--,--,--,--,--,--,--,--,--,--
Alaska : conventional hydroelectric,thousand megawatthours,ELEC.GEN.HYC-AK-99.A,1346,1439,1583,1498,1464,1224,1291,1172,1324,1433,1345,1575,1435,1539,1569,1659,1644,1664,1623,1764,1689,1713,1773,1715,1850
Alaska : other renewables,thousand megawatthours,ELEC.GEN.AOR-AK-99.A,1,12,6,9,6,7,11,5,14,19,16,40,197,214,215,212,185,200,180,168,170,180,150,174,184
Alaska : wind,thousand megawatthours,ELEC.GEN.WND-AK-99.A,1,--,--,--,1,1,1,0,7,13,12,37,145,152,160,169,142,155,143,129,132,139,111,123,130
Alaska : all utility-scale solar,thousand megawatthours,ELEC.GEN.SUN-AK-99.A,--,--,--,--,--,--,--,--,--,--,--,--,--,--,--,--,--,--,--,--,0,0,0,8,13
Alaska : utility-scale photovoltaic,thousand megawatthours,ELEC.GEN.SPV-AK-99.A,--,--,--,--,--,--,--,--,--,--,--,--,--,--,--,--,--,--,--,--,0,0,0,8,13
Alaska : utility-scale thermal,thousand megawatthours,ELEC.GEN.STH-AK-99.A,--,--,--,--,--,--,--,--,--,--,--,--,--,--,--,--,--,--,--,--,--,--,--,--,--
Alaska : geothermal,thousand megawatthours,ELEC.GEN.GEO-AK-99.A,--,--,--,--,--,--,--,--,--,--,--,--,--,--,--,--,--,--,--,--,--,--,--,--,--
Alaska : biomass,thousand megawatthours,ELEC.GEN.BIO-AK-99.A,--,12,6,9,5,7,10,5,7,6,3,3,52,63,55,43,44,45,38,39,38,41,39,43,41
Alaska : wood and wood-derived fuels,thousand megawatthours,ELEC.GEN.WWW-AK-99.A,--,1,1,0,0,1,0,0,--,--,--,--,0,0,0,0,0,0,0,0,0,0,0,0,0
Alaska : other biomass,thousand megawatthours,ELEC.GEN.WAS-AK-99.A,--,11,5,9,5,6,10,5,7,6,3,3,52,63,55,43,44,45,38,39,38,41,39,43,41
Alaska : hydro-electric pumped storage,thousand megawatthours,ELEC.GEN.HPS-AK-99.A,--,--,--,--,--,--,--,--,--,--,--,--,--,--,--,--,--,--,--,--,--,--,--,--,--
Alaska : other,thousand megawatthours,ELEC.GEN.OTH-AK-99.A,--,--,--,--,--,--,--,0,0,0,0,0,0,-2,-2,-2,-3,-3,-4,-3,-4,-3,-4,-5,-6
Alaska : all solar,thousand megawatthours,ELEC.GEN.TSN-AK-99.A,--,--,--,--,--,--,--,--,--,--,--,--,--,--,--,1,2,3,4,7,12,16,18,28,34
Alaska : small-scale solar photovoltaic,thousand megawatthours,ELEC.GEN.DPV-AK-99.A,--,--,--,--,--,--,--,--,--,--,--,--,--,--,--,1,2,3,4,7,12,16,18,20,21
Alaska : all utility-scale solar,thousand megawatthours,ELEC.GEN.SUN-AK-99.A,--,--,--,--,--,--,--,--,--,--,--,--,--,--,--,--,--,--,--,--,0,0,0,8,13
Alaska : utility-scale photovoltaic,thousand megawatthours,ELEC.GEN.SPV-AK-99.A,--,--,--,--,--,--,--,--,--,--,--,--,--,--,--,--,--,--,--,--,0,0,0,8,13
Alaska : utility-scale thermal,thousand megawatthours,ELEC.GEN.STH-AK-99.A,--,--,--,--,--,--,--,--,--,--,--,--,--,--,--,--,--,--,--,--,--,--,--,--,--
Hawaii,,ELEC.GEN..A,,,,,,,,,,,,,,,,,,,,,,,,,
Hawaii : all fuels (utility-scale),thousand megawatthours,ELEC.GEN.ALL-HI-99.A,10633,11663,10976,11410,11523,11559,11533,11376,11011,10836,10723,10469,10267,10204,10120,9949,9813,9797,9750,9079,9182,9337,9194,9161,9380
Hawaii : coal,thousand megawatthours,ELEC.GEN.COW-HI-99.A,1605,1546,1644,1604,1631,1549,1579,1648,1500,1546,1424,1537,1404,1511,1337,1497,1376,1311,1302,1165,1085,648,--,--,--
Hawaii : petroleum liquids,thousand megawatthours,ELEC.GEN.PEL-HI-99.A,8224,9467,8503,8945,9068,9054,8914,8670,8289,8087,7924,7483,7223,6926,7023,6640,6634,6749,6864,6149,6155,6655,7159,7054,6989
Hawaii : petroleum coke,thousand megawatthours,ELEC.GEN.PC-HI-99.A,--,--,--,--,--,--,--,--,--,--,--,--,--,--,--,--,--,--,--,--,--,--,--,--,--
Hawaii : natural gas,thousand megawatthours,ELEC.GEN.NG-HI-99.A,0,--,--,--,--,--,--,--,--,--,0,--,--,--,--,--,--,--,--,--,--,--,--,--,--
Hawaii : other gases,thousand megawatthours,ELEC.GEN.OOG-HI-99.A,38,41,40,48,41,43,45,39,22,22,35,47,41,62,50,51,52,56,6,3,0,0,0,0,0
Hawaii : nuclear,thousand megawatthours,ELEC.GEN.NUC-HI-99.A,--,--,--,--,--,--,--,--,--,--,--,--,--,--,--,--,--,--,--,--,--,--,--,--,--
Hawaii : conventional hydroelectric,thousand megawatthours,ELEC.GEN.HYC-HI-99.A,101,95,91,94,96,120,92,84,113,70,93,115,78,94,121,91,66,97,95,99,115,110,93,100,82
Hawaii : other renewables,thousand megawatthours,ELEC.GEN.AOR-HI-99.A,496,371,527,550,538,618,753,777,705,747,881,925,1127,1206,1218,1347,1322,1202,1089,1342,1632,1666,1767,1846,1986
Hawaii : wind,thousand megawatthours,ELEC.GEN.WND-HI-99.A,2,2,2,7,7,80,238,240,251,261,341,378,503,579,613,639,532,602,529,592,658,625,634,663,573
Hawaii : all utility-scale solar,thousand megawatthours,ELEC.GEN.SUN-HI-99.A,--,--,--,--,--,--,--,0,1,2,4,5,19,39,54,89,175,185,268,484,507,555,653,705,968
Hawaii : utility-scale photovoltaic,thousand megawatthours,ELEC.GEN.SPV-HI-99.A,--,--,--,--,--,--,--,0,1,2,4,5,19,39,54,89,175,185,268,484,507,555,653,705,968
Hawaii : utility-scale thermal,thousand megawatthours,ELEC.GEN.STH-HI-99.A,--,--,--,--,--,--,--,--,--,--,--,--,--,--,--,--,--,--,--,--,--,--,--,--,--
Hawaii : geothermal,thousand megawatthours,ELEC.GEN.GEO-HI-99.A,207,73,178,213,222,212,230,234,168,201,224,261,275,254,230,260,323,110,0,10,184,208,193,259,257
Hawaii : biomass,thousand megawatthours,ELEC.GEN.BIO-HI-99.A,288,297,347,329,310,326,285,302,284,283,313,281,329,334,321,359,293,306,292,256,283,277,288,219,NM
Hawaii : wood and wood-derived fuels,thousand megawatthours,ELEC.GEN.WWW-HI-99.A,--,--,--,--,--,--,--,--,--,0,0,0,--,--,--,--,--,0,0,0,0,52,0,0,NM
Hawaii : other biomass,thousand megawatthours,ELEC.GEN.WAS-HI-99.A,288,297,347,329,310,326,285,302,284,283,313,281,329,334,321,359,293,306,292,256,283,226,288,219,188
Hawaii : hydro-electric pumped storage,thousand megawatthours,ELEC.GEN.HPS-HI-99.A,--,--,--,--,--,--,--,--,--,--,--,--,--,--,--,--,--,--,--,--,--,--,--,--,--
Hawaii : other,thousand megawatthours,ELEC.GEN.OTH-HI-99.A,169,143,172,171,149,176,149,159,381,364,366,363,394,405,369,322,363,382,395,321,196,259,174,161,323
Hawaii : all solar,thousand megawatthours,ELEC.GEN.TSN-HI-99.A,--,--,--,--,--,--,--,--,--,--,--,--,--,590,687,848,1146,1213,1381,1695,1758,1882,2040,2278,2608
Hawaii : small-scale solar photovoltaic,thousand megawatthours,ELEC.GEN.DPV-HI-99.A,--,--,--,--,--,--,--,--,--,--,--,--,--,551,632,760,971,1029,1112,1211,1251,1327,1387,1573,1641
Hawaii : all utility-scale solar,thousand megawatthours,ELEC.GEN.SUN-HI-99.A,--,--,--,--,--,--,--,0,1,2,4,5,19,39,54,89,175,185,268,484,507,555,653,705,968
Hawaii : utility-scale photovoltaic,thousand megawatthours,ELEC.GEN.SPV-HI-99.A,--,--,--,--,--,--,--,0,1,2,4,5,19,39,54,89,175,185,268,484,507,555,653,705,968
Hawaii : utility-scale thermal,thousand megawatthours,ELEC.GEN.STH-HI-99.A,--,--,--,--,--,--,--,--,--,--,--,--,--,--,--,--,--,--,--,--,--,--,--,--,--
